{
  "total_time_seconds": 314.40874123573303,
  "results": {
    "tsp_10": {
      "instance_name": "tsp_10",
      "num_cities": 10,
      "solver": "ant_colony_optimization",
      "best_tour": [
        9,
        3,
        7,
        2,
        8,
        5,
        6,
        1,
        4,
        0
      ],
      "best_distance": 2641.3887564142315,
      "avg_distance": 2641.3887564142315,
      "all_distances": [
        2641.3887564142315,
        2641.3887564142315,
        2641.3887564142315
      ],
      "computation_time_seconds": 0.08454394340515137,
      "parameters": {
        "alpha": 1.0,
        "beta": 3.0,
        "rho": 0.1,
        "q": 100,
        "max_iterations": 150,
        "num_runs": 3
      },
      "optimal_distance": 2641.3887564142315,
      "approximation_ratio": 1.0
    },
    "tsp_100": {
      "instance_name": "tsp_100",
      "num_cities": 100,
      "solver": "ant_colony_optimization",
      "best_tour": [
        15,
        23,
        70,
        41,
        92,
        76,
        71,
        91,
        88,
        2,
        64,
        31,
        48,
        69,
        44,
        75,
        24,
        79,
        10,
        90,
        11,
        96,
        99,
        54,
        27,
        26,
        36,
        22,
        33,
        63,
        83,
        46,
        32,
        6,
        19,
        30,
        55,
        34,
        12,
        25,
        0,
        93,
        43,
        81,
        77,
        7,
        51,
        8,
        53,
        57,
        84,
        38,
        95,
        80,
        45,
        78,
        74,
        3,
        1,
        73,
        62,
        21,
        59,
        65,
        89,
        14,
        39,
        37,
        5,
        17,
        50,
        97,
        56,
        72,
        49,
        9,
        60,
        28,
        82,
        58,
        66,
        85,
        87,
        86,
        68,
        35,
        40,
        47,
        67,
        18,
        20,
        13,
        94,
        42,
        4,
        98,
        29,
        61,
        52,
        16
      ],
      "best_distance": 8271.23145755062,
      "avg_distance": 8407.998352910876,
      "all_distances": [
        8271.23145755062,
        8447.853162064446,
        8504.91043911756
      ],
      "computation_time_seconds": 30.988852977752686,
      "parameters": {
        "alpha": 1.0,
        "beta": 3.0,
        "rho": 0.1,
        "q": 100,
        "max_iterations": 150,
        "num_runs": 3
      }
    },
    "tsp_15": {
      "instance_name": "tsp_15",
      "num_cities": 15,
      "solver": "ant_colony_optimization",
      "best_tour": [
        3,
        10,
        12,
        11,
        8,
        2,
        6,
        5,
        14,
        0,
        4,
        1,
        9,
        13,
        7
      ],
      "best_distance": 3059.3004599707665,
      "avg_distance": 3059.300459970766,
      "all_distances": [
        3059.3004599707665,
        3059.3004599707665,
        3059.3004599707665
      ],
      "computation_time_seconds": 0.1244959831237793,
      "parameters": {
        "alpha": 1.0,
        "beta": 3.0,
        "rho": 0.1,
        "q": 100,
        "max_iterations": 150,
        "num_runs": 3
      },
      "optimal_distance": 3059.3004599707665,
      "approximation_ratio": 1.0
    },
    "tsp_200": {
      "instance_name": "tsp_200",
      "num_cities": 200,
      "solver": "ant_colony_optimization",
      "best_tour": [
        187,
        128,
        37,
        10,
        193,
        169,
        70,
        82,
        58,
        107,
        183,
        133,
        163,
        110,
        93,
        31,
        188,
        98,
        175,
        86,
        90,
        44,
        174,
        161,
        199,
        170,
        7,
        19,
        95,
        113,
        14,
        56,
        101,
        81,
        53,
        189,
        181,
        125,
        162,
        21,
        88,
        35,
        28,
        147,
        114,
        62,
        72,
        131,
        127,
        36,
        75,
        135,
        148,
        12,
        87,
        115,
        106,
        54,
        6,
        116,
        171,
        109,
        191,
        79,
        52,
        130,
        132,
        166,
        2,
        9,
        198,
        111,
        92,
        195,
        145,
        120,
        48,
        1,
        67,
        16,
        0,
        84,
        80,
        121,
        140,
        38,
        156,
        190,
        103,
        27,
        20,
        26,
        68,
        57,
        97,
        71,
        102,
        192,
        124,
        11,
        89,
        167,
        40,
        141,
        177,
        39,
        194,
        164,
        63,
        73,
        33,
        184,
        18,
        129,
        143,
        66,
        64,
        176,
        180,
        30,
        137,
        32,
        43,
        155,
        108,
        5,
        151,
        100,
        45,
        178,
        91,
        105,
        159,
        74,
        85,
        182,
        144,
        112,
        118,
        150,
        152,
        65,
        104,
        197,
        154,
        123,
        3,
        185,
        15,
        34,
        76,
        160,
        172,
        158,
        42,
        51,
        59,
        4,
        78,
        55,
        49,
        122,
        196,
        50,
        60,
        179,
        119,
        46,
        186,
        99,
        94,
        138,
        69,
        126,
        25,
        146,
        83,
        168,
        173,
        153,
        136,
        139,
        29,
        8,
        61,
        17,
        24,
        22,
        157,
        165,
        117,
        96,
        47,
        41,
        142,
        13,
        23,
        77,
        149,
        134
      ],
      "best_distance": 10974.817150374523,
      "avg_distance": 11247.119408870994,
      "all_distances": [
        10974.817150374523,
        11609.875722355271,
        11156.665353883189
      ],
      "computation_time_seconds": 276.4478352069855,
      "parameters": {
        "alpha": 1.0,
        "beta": 3.0,
        "rho": 0.1,
        "q": 100,
        "max_iterations": 150,
        "num_runs": 3
      }
    },
    "tsp_30": {
      "instance_name": "tsp_30",
      "num_cities": 30,
      "solver": "ant_colony_optimization",
      "best_tour": [
        8,
        25,
        14,
        12,
        17,
        19,
        24,
        5,
        21,
        29,
        22,
        20,
        7,
        1,
        11,
        26,
        9,
        18,
        16,
        2,
        3,
        10,
        27,
        15,
        13,
        4,
        23,
        6,
        0,
        28
      ],
      "best_distance": 4684.162571653613,
      "avg_distance": 4702.162974217151,
      "all_distances": [
        4723.767879214977,
        4698.5584717828615,
        4684.162571653613
      ],
      "computation_time_seconds": 1.2588169574737549,
      "parameters": {
        "alpha": 1.0,
        "beta": 3.0,
        "rho": 0.1,
        "q": 100,
        "max_iterations": 150,
        "num_runs": 3
      }
    },
    "tsp_50": {
      "instance_name": "tsp_50",
      "num_cities": 50,
      "solver": "ant_colony_optimization",