{
  "total_time_seconds": 274.17047786712646,
  "results": {
    "tsp_10": {
      "instance_name": "tsp_10",
      "num_cities": 10,
      "solver": "ant_colony_optimization",
      "best_tour": [
        0,
        9,
        3,
        7,
        2,
        8,
        5,
        6,
        1,
        4
      ],
      "best_distance": 2641.3887564142315,
      "avg_distance": 2641.3887564142315,
      "all_distances": [
        2641.3887564142315,
        2641.3887564142315,
        2641.3887564142315
      ],
      "computation_time_seconds": 0.04536700248718262,
      "parameters": {
        "alpha": 1.0,
        "beta": 3.0,
        "rho": 0.1,
        "q": 100,
        "max_iterations": 150,
        "num_runs": 3
      },
      "optimal_distance": 2641.3887564142315,
      "approximation_ratio": 1.0
    },
    "tsp_100": {
      "instance_name": "tsp_100",
      "num_cities": 100,
      "solver": "ant_colony_optimization",
      "best_tour": [
        58,
        66,
        85,
        87,
        86,
        68,
        35,
        40,
        67,
        18,
        20,
        13,
        94,
        42,
        4,
        98,
        61,
        29,
        52,
        15,
        23,
        70,
        41,
        16,
        99,
        96,
        54,
        11,
        27,
        33,
        22,
        63,
        83,
        32,
        46,
        6,
        19,
        30,
        36,
        26,
        79,
        10,
        90,
        92,
        76,
        71,
        47,
        91,
        88,
        2,
        64,
        31,
        48,
        69,
        44,
        37,
        39,
        14,
        73,
        1,
        89,
        65,
        21,
        59,
        62,
        80,
        95,
        38,
        12,
        25,
        75,
        24,
        55,
        34,
        0,
        93,
        43,
        81,
        77,
        7,
        51,
        53,
        8,
        57,
        84,
        45,
        78,
        74,
        3,
        56,
        72,
        97,
        50,
        17,
        5,
        49,
        9,
        60,
        28,
        82
      ],
      "best_distance": 8172.374030150779,
      "avg_distance": 8351.553696346293,
      "all_distances": [
        8346.129996439502,
        8172.374030150779,
        8536.157062448594
      ],
      "computation_time_seconds": 30.566229104995728,
      "parameters": {
        "alpha": 1.0,
        "beta": 3.0,
        "rho": 0.1,
        "q": 100,
        "max_iterations": 150,
        "num_runs": 3
      }
    },
    "tsp_15": {
      "instance_name": "tsp_15",
      "num_cities": 15,
      "solver": "ant_colony_optimization",
      "best_tour": [
        9,
        13,
        7,
        3,
        10,
        12,
        11,
        8,
        2,
        6,
        5,
        14,
        0,
        4,
        1
      ],
      "best_distance": 3059.3004599707665,
      "avg_distance": 3059.300459970766,
      "all_distances": [
        3059.3004599707665,
        3059.3004599707665,
        3059.3004599707665
      ],
      "computation_time_seconds": 0.14604806900024414,
      "parameters": {
        "alpha": 1.0,
        "beta": 3.0,
        "rho": 0.1,
        "q": 100,
        "max_iterations": 150,
        "num_runs": 3
      },
      "optimal_distance": 3059.3004599707665,
      "approximation_ratio": 1.0
    },
    "tsp_200": {
      "instance_name": "tsp_200",
      "num_cities": 200,
      "solver": "ant_colony_optimization",
      "best_tour": [
        199,
        170,
        7,
        95,
        19,
        113,
        14,
        56,
        101,
        189,
        53,
        81,
        18,
        184,
        181,
        125,
        73,
        63,
        164,
        33,
        129,
        143,
        64,
        66,
        176,
        180,
        30,
        137,
        32,
        43,
        155,
        108,
        5,
        45,
        178,
        91,
        105,
        159,
        85,
        74,
        182,
        144,
        118,
        112,
        150,
        152,
        65,
        3,
        123,
        154,
        160,
        172,
        158,
        34,
        76,
        59,
        46,
        186,
        99,
        94,
        138,
        179,
        119,
        60,
        50,
        196,
        55,
        78,
        4,
        49,
        122,
        51,
        42,
        185,
        15,
        104,
        197,
        84,
        80,
        121,
        140,
        38,
        156,
        190,
        103,
        27,
        20,
        26,
        100,
        151,
        68,
        57,
        97,
        71,
        102,
        192,
        124,
        11,
        89,
        167,
        40,
        141,
        177,
        39,
        194,
        115,
        106,
        54,
        6,
        116,
        171,
        109,
        191,
        0,
        16,
        67,
        1,
        48,
        120,
        69,
        126,
        25,
        146,
        83,
        168,
        173,
        153,
        139,
        136,
        29,
        8,
        61,
        17,
        24,
        145,
        195,
        92,
        111,
        198,
        9,
        2,
        166,
        132,
        130,
        79,
        52,
        87,
        12,
        148,
        135,
        75,
        36,
        127,
        72,
        131,
        47,
        41,
        142,
        96,
        117,
        165,
        157,
        22,
        13,
        23,
        77,
        149,
        134,
        187,
        128,
        37,
        10,
        193,
        169,
        70,
        82,
        58,
        107,
        183,
        133,
        163,
        110,
        93,
        31,
        188,
        98,
        175,
        147,
        114,
        62,
        35,
        88,
        28,
        21,
        162,
        86,
        90,
        44,
        174,
        161
      ],
      "best_distance": 10958.0813882123,
      "avg_distance": 11064.965094635276,
      "all_distances": [
        11181.951460634082,
        10958.0813882123,
        11054.862435059442
      ],
      "computation_time_seconds": 238.61027097702026,
      "parameters": {
        "alpha": 1.0,
        "beta": 3.0,
        "rho": 0.1,
        "q": 100,
        "max_iterations": 150,
        "num_runs": 3
      }
    },
    "tsp_30": {
      "instance_name": "tsp_30",
      "num_cities": 30,
      "solver": "ant_colony_optimization",
      "best_tour": [
        16,
        18,
        9,
        26,
        11,
        1,
        7,
        20,
        6,
        0,
        22,
        29,
        5,
        21,
        24,
        19,
        17,
        12,
        14,
        25,
        8,
        28,
        4,
        23,
        13,
        15,
        27,
        10,
        3,
        2
      ],
      "best_distance": 4680.9855928383295,
      "avg_distance": 4697.305982198555,
      "all_distances": [
        4680.9855928383295,
        4723.767879214977,
        4687.16447454236
      ],
      "computation_time_seconds": 0.87180495262146,
      "parameters": {
        "alpha": 1.0,
        "beta": 3.0,
        "rho": 0.1,
        "q": 100,
        "max_iterations": 150,
        "num_runs": 3
      }
    },
    "tsp_50": {
      "instance_name": "tsp_50",
      "num_cities": 50,
      "solver": "ant_colony_optimization",