{
  "total_time_seconds": 274.9726541042328,
  "results": {
    "tsp_10": {
      "instance_name": "tsp_10",
      "num_cities": 10,
      "solver": "ant_colony_optimization",
      "best_tour": [
        0,
        4,
        1,
        6,
        5,
        8,
        2,
        7,
        3,
        9
      ],
      "best_distance": 2641.3887564142315,
      "avg_distance": 2641.3887564142315,
      "all_distances": [
        2641.3887564142315,
        2641.3887564142315,
        2641.3887564142315
      ],
      "computation_time_seconds": 0.059252262115478516,
      "parameters": {
        "alpha": 1.0,
        "beta": 3.0,
        "rho": 0.1,
        "q": 100,
        "max_iterations": 150,
        "num_runs": 3
      },
      "optimal_distance": 2641.3887564142315,
      "approximation_ratio": 1.0
    },
    "tsp_100": {
      "instance_name": "tsp_100",
      "num_cities": 100,
      "solver": "ant_colony_optimization",
      "best_tour": [
        74,
        78,
        45,
        8,
        53,
        57,
        84,
        38,
        95,
        25,
        12,
        51,
        7,
        77,
        93,
        43,
        81,
        0,
        34,
        55,
        24,
        75,
        48,
        31,
        44,
        69,
        64,
        2,
        88,
        91,
        47,
        67,
        18,
        20,
        13,
        76,
        71,
        92,
        90,
        10,
        79,
        26,
        36,
        30,
        19,
        6,
        46,
        32,
        83,
        63,
        22,
        33,
        27,
        54,
        11,
        96,
        99,
        16,
        41,
        70,
        23,
        15,
        52,
        29,
        61,
        98,
        42,
        4,
        94,
        35,
        40,
        68,
        86,
        87,
        85,
        58,
        66,
        82,
        28,
        60,
        9,
        49,
        72,
        56,
        97,
        50,
        17,
        5,
        37,
        39,
        14,
        89,
        65,
        59,
        21,
        62,
        80,
        73,
        1,
        3
      ],
      "best_distance": 8213.708546045398,
      "avg_distance": 8286.41483664005,
      "all_distances": [
        8213.708546045398,
        8264.899496065735,
        8380.636467809014
      ],
      "computation_time_seconds": 30.842344045639038,
      "parameters": {
        "alpha": 1.0,
        "beta": 3.0,
        "rho": 0.1,
        "q": 100,
        "max_iterations": 150,
        "num_runs": 3
      }
    },
    "tsp_15": {
      "instance_name": "tsp_15",
      "num_cities": 15,
      "solver": "ant_colony_optimization",
      "best_tour": [
        9,
        13,
        7,
        3,
        10,
        12,
        11,
        8,
        2,
        6,
        5,
        14,
        0,
        4,
        1
      ],
      "best_distance": 3059.3004599707665,
      "avg_distance": 3059.300459970766,
      "all_distances": [
        3059.3004599707665,
        3059.3004599707665,
        3059.3004599707665
      ],
      "computation_time_seconds": 0.12360000610351562,
      "parameters": {
        "alpha": 1.0,
        "beta": 3.0,
        "rho": 0.1,
        "q": 100,
        "max_iterations": 150,
        "num_runs": 3
      },
      "optimal_distance": 3059.3004599707665,
      "approximation_ratio": 1.0
    },
    "tsp_200": {
      "instance_name": "tsp_200",
      "num_cities": 200,
      "solver": "ant_colony_optimization",
      "best_tour": [
        153,
        173,
        168,
        83,
        136,
        139,
        146,
        25,
        126,
        69,
        94,
        138,
        179,
        119,
        46,
        59,
        60,
        50,
        196,
        55,
        78,
        4,
        49,
        122,
        51,
        42,
        34,
        76,
        160,
        172,
        158,
        15,
        185,
        3,
        123,
        154,
        197,
        104,
        80,
        84,
        0,
        16,
        67,
        1,
        186,
        99,
        48,
        120,
        145,
        195,
        92,
        111,
        198,
        9,
        2,
        166,
        132,
        130,
        109,
        191,
        79,
        52,
        6,
        116,
        171,
        106,
        54,
        87,
        12,
        148,
        115,
        194,
        39,
        177,
        141,
        40,
        167,
        89,
        11,
        103,
        190,
        156,
        38,
        140,
        121,
        65,
        152,
        150,
        118,
        112,
        144,
        182,
        85,
        74,
        159,
        105,
        91,
        178,
        45,
        151,
        100,
        20,
        27,
        26,
        68,
        57,
        97,
        108,
        5,
        155,
        43,
        32,
        137,
        30,
        180,
        176,
        71,
        102,
        192,
        124,
        33,
        73,
        63,
        164,
        125,
        181,
        184,
        18,
        129,
        143,
        66,
        64,
        81,
        101,
        56,
        14,
        113,
        19,
        95,
        7,
        170,
        199,
        161,
        174,
        44,
        175,
        86,
        90,
        189,
        53,
        162,
        21,
        28,
        88,
        35,
        75,
        135,
        36,
        127,
        131,
        72,
        62,
        114,
        147,
        98,
        188,
        31,
        93,
        110,
        163,
        183,
        133,
        107,
        58,
        82,
        70,
        169,
        193,
        10,
        37,
        128,
        187,
        134,
        149,
        77,
        23,
        13,
        142,
        41,
        47,
        96,
        117,
        165,
        157,
        22,
        24,
        17,
        61,
        8,
        29
      ],
      "best_distance": 11142.44492025013,
      "avg_distance": 11242.74568708665,
      "all_distances": [
        11142.44492025013,
        11196.81680268323,
        11388.975338326589
      ],
      "computation_time_seconds": 239.1388499736786,
      "parameters": {
        "alpha": 1.0,
        "beta": 3.0,
        "rho": 0.1,
        "q": 100,
        "max_iterations": 150,
        "num_runs": 3
      }
    },
    "tsp_30": {
      "instance_name": "tsp_30",
      "num_cities": 30,
      "solver": "ant_colony_optimization",
      "best_tour": [
        16,
        18,
        9,
        26,
        11,
        1,
        7,
        20,
        6,
        0,
        22,
        29,
        5,
        21,
        24,
        19,
        17,
        12,
        14,
        25,
        8,
        28,
        4,
        23,
        13,
        15,
        27,
        10,
        3,
        2
      ],
      "best_distance": 4680.9855928383295,
      "avg_distance": 4710.507751385677,
      "all_distances": [
        4726.769782103724,
        4723.767879214977,
        4680.9855928383295
      ],
      "computation_time_seconds": 0.8736329078674316,
      "parameters": {
        "alpha": 1.0,
        "beta": 3.0,
        "rho": 0.1,
        "q": 100,
        "max_iterations": 150,
        "num_runs": 3
      }
    },
    "tsp_50": {
      "instance_name": "tsp_50",
      "num_cities": 50,
      "solver": "ant_colony_optimization",