{
  "total_time_seconds": 275.4198489189148,
  "results": {
    "tsp_10": {
      "instance_name": "tsp_10",
      "num_cities": 10,
      "solver": "ant_colony_optimization",
      "best_tour": [
        4,
        1,
        6,
        5,
        8,
        2,
        7,
        3,
        9,
        0
      ],
      "best_distance": 2641.3887564142315,
      "avg_distance": 2641.3887564142315,
      "all_distances": [
        2641.3887564142315,
        2641.3887564142315,
        2641.3887564142315
      ],
      "computation_time_seconds": 0.04560422897338867,
      "parameters": {
        "alpha": 1.0,
        "beta": 3.0,
        "rho": 0.1,
        "q": 100,
        "max_iterations": 150,
        "num_runs": 3
      },
      "optimal_distance": 2641.3887564142315,
      "approximation_ratio": 1.0
    },
    "tsp_100": {
      "instance_name": "tsp_100",
      "num_cities": 100,
      "solver": "ant_colony_optimization",
      "best_tour": [
        32,
        46,
        6,
        30,
        19,
        55,
        34,
        43,
        93,
        0,
        81,
        77,
        7,
        51,
        25,
        12,
        62,
        80,
        95,
        38,
        8,
        53,
        57,
        84,
        45,
        78,
        74,
        3,
        73,
        1,
        89,
        65,
        21,
        59,
        14,
        39,
        37,
        5,
        17,
        50,
        97,
        56,
        72,
        49,
        9,
        60,
        28,
        82,
        66,
        58,
        85,
        87,
        86,
        68,
        2,
        64,
        69,
        44,
        31,
        48,
        88,
        91,
        75,
        24,
        36,
        26,
        79,
        10,
        90,
        92,
        76,
        71,
        47,
        67,
        18,
        40,
        35,
        94,
        20,
        13,
        98,
        4,
        42,
        61,
        29,
        52,
        15,
        23,
        70,
        41,
        16,
        99,
        96,
        11,
        54,
        27,
        33,
        22,
        63,
        83
      ],
      "best_distance": 8289.556309985506,
      "avg_distance": 8425.150349420466,
      "all_distances": [
        8568.750050011628,
        8289.556309985506,
        8417.144688264267
      ],
      "computation_time_seconds": 29.96804714202881,
      "parameters": {
        "alpha": 1.0,
        "beta": 3.0,
        "rho": 0.1,
        "q": 100,
        "max_iterations": 150,
        "num_runs": 3
      }
    },
    "tsp_15": {
      "instance_name": "tsp_15",
      "num_cities": 15,
      "solver": "ant_colony_optimization",
      "best_tour": [
        9,
        13,
        7,
        3,
        10,
        12,
        11,
        8,
        2,
        6,
        5,
        14,
        0,
        4,
        1
      ],
      "best_distance": 3059.3004599707665,
      "avg_distance": 3059.300459970766,
      "all_distances": [
        3059.3004599707665,
        3059.3004599707665,
        3059.3004599707665
      ],
      "computation_time_seconds": 0.12389826774597168,
      "parameters": {
        "alpha": 1.0,
        "beta": 3.0,
        "rho": 0.1,
        "q": 100,
        "max_iterations": 150,
        "num_runs": 3
      },
      "optimal_distance": 3059.3004599707665,
      "approximation_ratio": 1.0
    },
    "tsp_200": {
      "instance_name": "tsp_200",
      "num_cities": 200,
      "solver": "ant_colony_optimization",
      "best_tour": [
        152,
        65,
        104,
        197,
        154,
        160,
        172,
        158,
        76,
        34,
        186,
        99,
        48,
        120,
        145,
        195,
        92,
        111,
        198,
        9,
        2,
        166,
        132,
        130,
        52,
        6,
        116,
        171,
        109,
        79,
        191,
        1,
        67,
        16,
        0,
        84,
        80,
        121,
        150,
        118,
        112,
        144,
        182,
        85,
        74,
        159,
        105,
        91,
        178,
        45,
        100,
        151,
        68,
        57,
        97,
        108,
        5,
        43,
        155,
        32,
        137,
        30,
        180,
        176,
        66,
        64,
        143,
        129,
        81,
        18,
        184,
        181,
        125,
        73,
        63,
        164,
        33,
        71,
        102,
        192,
        124,
        26,
        27,
        20,
        140,
        38,
        156,
        190,
        103,
        11,
        89,
        167,
        40,
        141,
        177,
        39,
        194,
        115,
        106,
        54,
        87,
        12,
        148,
        162,
        21,
        28,
        88,
        35,
        62,
        114,
        147,
        90,
        86,
        53,
        189,
        113,
        14,
        56,
        101,
        7,
        170,
        19,
        95,
        161,
        199,
        174,
        44,
        175,
        98,
        188,
        31,
        93,
        110,
        163,
        131,
        72,
        127,
        36,
        75,
        135,
        13,
        23,
        77,
        149,
        134,
        128,
        187,
        37,
        10,
        193,
        169,
        70,
        82,
        58,
        133,
        183,
        107,
        47,
        41,
        142,
        96,
        117,
        165,
        157,
        22,
        29,
        24,
        17,
        61,
        8,
        153,
        173,
        168,
        83,
        136,
        139,
        146,
        25,
        126,
        69,
        94,
        138,
        179,
        119,
        46,
        59,
        60,
        50,
        196,
        55,
        78,
        4,
        49,
        122,
        51,
        42,
        185,
        15,
        123,
        3
      ],
      "best_distance": 11206.944573613053,
      "avg_distance": 11367.07326382321,
      "all_distances": [
        11206.944573613053,
        11645.4075272692,
        11248.86769058738
      ],
      "computation_time_seconds": 240.4581959247589,
      "parameters": {
        "alpha": 1.0,
        "beta": 3.0,
        "rho": 0.1,
        "q": 100,
        "max_iterations": 150,
        "num_runs": 3
      }
    },
    "tsp_30": {
      "instance_name": "tsp_30",
      "num_cities": 30,
      "solver": "ant_colony_optimization",
      "best_tour": [
        8,
        25,
        14,
        12,
        17,
        19,
        24,
        5,
        21,
        29,
        22,
        20,
        7,
        1,
        11,
        26,
        9,
        18,
        16,
        2,
        3,
        10,
        27,
        15,
        13,
        4,
        23,
        6,
        0,
        28
      ],
      "best_distance": 4684.162571653613,
      "avg_distance": 4710.566110027856,
      "all_distances": [
        4684.162571653613,
        4723.767879214977,
        4723.767879214977
      ],
      "computation_time_seconds": 0.8734560012817383,
      "parameters": {
        "alpha": 1.0,
        "beta": 3.0,
        "rho": 0.1,
        "q": 100,
        "max_iterations": 150,
        "num_runs": 3
      }
    },
    "tsp_50": {
      "instance_name": "tsp_50",
      "num_cities": 50,
      "solver": "ant_colony_optimization",