{
  "total_time_seconds": 277.01675295829773,
  "results": {
    "tsp_10": {
      "instance_name": "tsp_10",
      "num_cities": 10,
      "solver": "ant_colony_optimization",
      "best_tour": [
        4,
        1,
        6,
        5,
        8,
        2,
        7,
        3,
        9,
        0
      ],
      "best_distance": 2641.3887564142315,
      "avg_distance": 2641.3887564142315,
      "all_distances": [
        2641.3887564142315,
        2641.3887564142315,
        2641.3887564142315
      ],
      "computation_time_seconds": 0.04120898246765137,
      "parameters": {
        "alpha": 1.0,
        "beta": 3.0,
        "rho": 0.1,
        "q": 100,
        "max_iterations": 150,
        "num_runs": 3
      },
      "optimal_distance": 2641.3887564142315,
      "approximation_ratio": 1.0
    },
    "tsp_100": {
      "instance_name": "tsp_100",
      "num_cities": 100,
      "solver": "ant_colony_optimization",
      "best_tour": [
        83,
        32,
        46,
        6,
        19,
        30,
        36,
        26,
        79,
        10,
        90,
        92,
        76,
        71,
        91,
        75,
        24,
        25,
        12,
        55,
        34,
        0,
        93,
        43,
        81,
        77,
        7,
        51,
        38,
        95,
        21,
        59,
        65,
        62,
        89,
        80,
        84,
        57,
        53,
        8,
        45,
        78,
        74,
        3,
        73,
        1,
        14,
        39,
        37,
        5,
        17,
        50,
        97,
        56,
        72,
        49,
        9,
        60,
        28,
        82,
        58,
        85,
        66,
        87,
        86,
        68,
        2,
        64,
        69,
        44,
        31,
        48,
        88,
        47,
        67,
        18,
        40,
        35,
        94,
        13,
        20,
        4,
        42,
        98,
        61,
        29,
        52,
        15,
        23,
        70,
        41,
        16,
        99,
        96,
        11,
        54,
        27,
        33,
        22,
        63
      ],
      "best_distance": 8252.022263801604,
      "avg_distance": 8327.238590668921,
      "all_distances": [
        8252.022263801604,
        8476.467012236168,
        8253.226495968995
      ],
      "computation_time_seconds": 30.548442125320435,
      "parameters": {
        "alpha": 1.0,
        "beta": 3.0,
        "rho": 0.1,
        "q": 100,
        "max_iterations": 150,
        "num_runs": 3
      }
    },
    "tsp_15": {
      "instance_name": "tsp_15",
      "num_cities": 15,
      "solver": "ant_colony_optimization",
      "best_tour": [
        4,
        1,
        9,
        13,
        7,
        3,
        10,
        12,
        11,
        8,
        2,
        6,
        5,
        14,
        0
      ],
      "best_distance": 3059.3004599707665,
      "avg_distance": 3059.300459970766,
      "all_distances": [
        3059.3004599707665,
        3059.3004599707665,
        3059.3004599707665
      ],
      "computation_time_seconds": 0.12868309020996094,
      "parameters": {
        "alpha": 1.0,
        "beta": 3.0,
        "rho": 0.1,
        "q": 100,
        "max_iterations": 150,
        "num_runs": 3
      },
      "optimal_distance": 3059.3004599707665,
      "approximation_ratio": 1.0
    },
    "tsp_200": {
      "instance_name": "tsp_200",
      "num_cities": 200,
      "solver": "ant_colony_optimization",
      "best_tour": [
        96,
        47,
        41,
        142,
        23,
        13,
        107,
        183,
        133,
        58,
        82,
        70,
        169,
        193,
        10,
        37,
        187,
        128,
        134,
        77,
        149,
        83,
        168,
        173,
        153,
        136,
        139,
        146,
        25,
        126,
        69,
        94,
        138,
        179,
        119,
        46,
        196,
        50,
        60,
        55,
        78,
        4,
        49,
        122,
        59,
        51,
        42,
        185,
        15,
        158,
        172,
        160,
        34,
        76,
        186,
        99,
        48,
        120,
        1,
        67,
        16,
        0,
        191,
        109,
        171,
        116,
        6,
        54,
        106,
        39,
        177,
        141,
        40,
        167,
        89,
        11,
        103,
        190,
        156,
        38,
        140,
        121,
        80,
        84,
        104,
        197,
        154,
        123,
        3,
        65,
        152,
        150,
        118,
        112,
        144,
        182,
        74,
        85,
        159,
        105,
        91,
        178,
        45,
        5,
        108,
        155,
        43,
        97,
        57,
        68,
        151,
        100,
        20,
        27,
        26,
        124,
        192,
        102,
        71,
        33,
        73,
        63,
        164,
        194,
        125,
        181,
        184,
        18,
        129,
        143,
        64,
        66,
        180,
        176,
        32,
        137,
        30,
        81,
        101,
        56,
        14,
        7,
        170,
        199,
        161,
        95,
        19,
        113,
        189,
        53,
        162,
        21,
        28,
        88,
        35,
        147,
        114,
        44,
        174,
        90,
        86,
        175,
        98,
        188,
        31,
        93,
        110,
        163,
        62,
        72,
        131,
        127,
        36,
        75,
        135,
        115,
        148,
        12,
        87,
        52,
        79,
        130,
        132,
        166,
        2,
        9,
        198,
        111,
        92,
        195,
        145,
        8,
        61,
        17,
        24,
        29,
        22,
        157,
        165,
        117
      ],
      "best_distance": 11163.74255050697,
      "avg_distance": 11236.990055245433,
      "all_distances": [
        11334.469510150226,
        11212.758105079101,
        11163.74255050697
      ],
      "computation_time_seconds": 241.32961511611938,
      "parameters": {
        "alpha": 1.0,
        "beta": 3.0,
        "rho": 0.1,
        "q": 100,
        "max_iterations": 150,
        "num_runs": 3
      }
    },
    "tsp_30": {
      "instance_name": "tsp_30",
      "num_cities": 30,
      "solver": "ant_colony_optimization",
      "best_tour": [
        16,
        18,
        9,
        26,
        11,
        1,
        7,
        20,
        6,
        0,
        22,
        29,
        5,
        21,
        24,
        19,
        17,
        12,
        14,
        25,
        8,
        28,
        4,
        23,
        13,
        15,
        27,
        10,
        3,
        2
      ],
      "best_distance": 4680.9855928383295,
      "avg_distance": 4682.044585776758,
      "all_distances": [
        4684.162571653614,
        4680.9855928383295,
        4680.9855928383295
      ],
      "computation_time_seconds": 0.9013187885284424,
      "parameters": {
        "alpha": 1.0,
        "beta": 3.0,
        "rho": 0.1,
        "q": 100,
        "max_iterations": 150,
        "num_runs": 3
      }
    },
    "tsp_50": {
      "instance_name": "tsp_50",
      "num_cities": 50,
      "solver": "ant_colony_optimization",