{
  "instance_name": "tsp_100",
  "num_cities": 100,
  "solver": "ant_colony_optimization",
  "best_tour": [
    15,
    23,
    70,
    41,
    92,
    76,
    71,
    91,
    88,
    2,
    64,
    31,
    48,
    69,
    44,
    75,
    24,
    79,
    10,
    90,
    11,
    96,
    99,
    54,
    27,
    26,
    36,
    22,
    33,
    63,
    83,
    46,
    32,
    6,
    19,
    30,
    55,
    34,
    12,
    25,
    0,
    93,
    43,
    81,
    77,
    7,
    51,
    8,
    53,
    57,
    84,
    38,
    95,
    80,
    45,
    78,
    74,
    3,
    1,
    73,
    62,
    21,
    59,
    65,
    89,
    14,
    39,
    37,
    5,
    17,
    50,
    97,
    56,
    72,
    49,
    9,
    60,
    28,
    82,
    58,
    66,
    85,
    87,
    86,
    68,
    35,
    40,
    47,
    67,
    18,
    20,
    13,
    94,
    42,
    4,
    98,
    29,
    61,
    52,
    16
  ],
  "best_distance": 8271.23145755062,
  "avg_distance": 8407.998352910876,
  "all_distances": [
    8271.23145755062,
    8447.853162064446,
    8504.91043911756
  ],
  "computation_time_seconds": 30.988852977752686,
  "parameters": {
    "alpha": 1.0,
    "beta": 3.0,
    "rho": 0.1,
    "q": 100,
    "max_iterations": 150,
    "num_runs": 3
  }
}