{
  "instance_name": "tsp_200",
  "num_cities": 200,
  "solver": "ant_colony_optimization",
  "best_tour": [
    96,
    47,
    41,
    142,
    23,
    13,
    107,
    183,
    133,
    58,
    82,
    70,
    169,
    193,
    10,
    37,
    187,
    128,
    134,
    77,
    149,
    83,
    168,
    173,
    153,
    136,
    139,
    146,
    25,
    126,
    69,
    94,
    138,
    179,
    119,
    46,
    196,
    50,
    60,
    55,
    78,
    4,
    49,
    122,
    59,
    51,
    42,
    185,
    15,
    158,
    172,
    160,
    34,
    76,
    186,
    99,
    48,
    120,
    1,
    67,
    16,
    0,
    191,
    109,
    171,
    116,
    6,
    54,
    106,
    39,
    177,
    141,
    40,
    167,
    89,
    11,
    103,
    190,
    156,
    38,
    140,
    121,
    80,
    84,
    104,
    197,
    154,
    123,
    3,
    65,
    152,
    150,
    118,
    112,
    144,
    182,
    74,
    85,
    159,
    105,
    91,
    178,
    45,
    5,
    108,
    155,
    43,
    97,
    57,
    68,
    151,
    100,
    20,
    27,
    26,
    124,
    192,
    102,
    71,
    33,
    73,
    63,
    164,
    194,
    125,
    181,
    184,
    18,
    129,
    143,
    64,
    66,
    180,
    176,
    32,
    137,
    30,
    81,
    101,
    56,
    14,
    7,
    170,
    199,
    161,
    95,
    19,
    113,
    189,
    53,
    162,
    21,
    28,
    88,
    35,
    147,
    114,
    44,
    174,
    90,
    86,
    175,
    98,
    188,
    31,
    93,
    110,
    163,
    62,
    72,
    131,
    127,
    36,
    75,
    135,
    115,
    148,
    12,
    87,
    52,
    79,
    130,
    132,
    166,
    2,
    9,
    198,
    111,
    92,
    195,
    145,
    8,
    61,
    17,
    24,
    29,
    22,
    157,
    165,
    117
  ],
  "best_distance": 11163.74255050697,
  "avg_distance": 11236.990055245433,
  "all_distances": [
    11334.469510150226,
    11212.758105079101,
    11163.74255050697
  ],
  "computation_time_seconds": 241.32961511611938,
  "parameters": {
    "alpha": 1.0,
    "beta": 3.0,
    "rho": 0.1,
    "q": 100,
    "max_iterations": 150,
    "num_runs": 3
  }
}