{
  "instance_name": "tsp_50",
  "num_cities": 50,
  "solver": "ant_colony_optimization",
  "best_tour": [
    20,
    40,
    17,
    8,
    27,
    18,
    16,
    37,
    29,
    38,
    46,
    47,
    48,
    14,
    34,
    23,
    7,
    19,
    3,
    39,
    2,
    13,
    43,
    11,
    30,
    49,
    35,
    0,
    25,
    9,
    26,
    1,
    22,
    5,
    41,
    33,
    31,
    44,
    21,
    4,
    45,
    6,
    28,
    32,
    36,
    15,
    24,
    10,
    12,
    42
  ],
  "best_distance": 5692.467805510083,
  "avg_distance": 5723.244027892073,
  "all_distances": [
    5692.467805510083,
    5734.759751530555,
    5742.50452663558
  ],
  "computation_time_seconds": 3.9167320728302,
  "parameters": {
    "alpha": 1.0,
    "beta": 3.0,
    "rho": 0.1,
    "q": 100,
    "max_iterations": 150,
    "num_runs": 3
  }
}