{
  "instance_name": "tsp_100",
  "num_cities": 100,
  "solver": "ant_colony_optimization",
  "best_tour": [
    58,
    66,
    85,
    87,
    86,
    68,
    35,
    40,
    67,
    18,
    20,
    13,
    94,
    42,
    4,
    98,
    61,
    29,
    52,
    15,
    23,
    70,
    41,
    16,
    99,
    96,
    54,
    11,
    27,
    33,
    22,
    63,
    83,
    32,
    46,
    6,
    19,
    30,
    36,
    26,
    79,
    10,
    90,
    92,
    76,
    71,
    47,
    91,
    88,
    2,
    64,
    31,
    48,
    69,
    44,
    37,
    39,
    14,
    73,
    1,
    89,
    65,
    21,
    59,
    62,
    80,
    95,
    38,
    12,
    25,
    75,
    24,
    55,
    34,
    0,
    93,
    43,
    81,
    77,
    7,
    51,
    53,
    8,
    57,
    84,
    45,
    78,
    74,
    3,
    56,
    72,
    97,
    50,
    17,
    5,
    49,
    9,
    60,
    28,
    82
  ],
  "best_distance": 8172.374030150779,
  "avg_distance": 8351.553696346293,
  "all_distances": [
    8346.129996439502,
    8172.374030150779,
    8536.157062448594
  ],
  "computation_time_seconds": 30.566229104995728,
  "parameters": {
    "alpha": 1.0,
    "beta": 3.0,
    "rho": 0.1,
    "q": 100,
    "max_iterations": 150,
    "num_runs": 3
  }
}