{
  "instance_name": "tsp_10",
  "num_cities": 10,
  "solver": "ant_colony_optimization",
  "best_tour": [
    9,
    3,
    7,
    2,
    8,
    5,
    6,
    1,
    4,
    0
  ],
  "best_distance": 2641.3887564142315,
  "avg_distance": 2641.3887564142315,
  "all_distances": [
    2641.3887564142315,
    2641.3887564142315,
    2641.3887564142315
  ],
  "computation_time_seconds": 0.08454394340515137,
  "parameters": {
    "alpha": 1.0,
    "beta": 3.0,
    "rho": 0.1,
    "q": 100,
    "max_iterations": 150,
    "num_runs": 3
  },
  "optimal_distance": 2641.3887564142315,
  "approximation_ratio": 1.0
}