{
  "instance_name": "tsp_100",
  "num_cities": 100,
  "solver": "ant_colony_optimization",
  "best_tour": [
    74,
    78,
    45,
    8,
    53,
    57,
    84,
    38,
    95,
    25,
    12,
    51,
    7,
    77,
    93,
    43,
    81,
    0,
    34,
    55,
    24,
    75,
    48,
    31,
    44,
    69,
    64,
    2,
    88,
    91,
    47,
    67,
    18,
    20,
    13,
    76,
    71,
    92,
    90,
    10,
    79,
    26,
    36,
    30,
    19,
    6,
    46,
    32,
    83,
    63,
    22,
    33,
    27,
    54,
    11,
    96,
    99,
    16,
    41,
    70,
    23,
    15,
    52,
    29,
    61,
    98,
    42,
    4,
    94,
    35,
    40,
    68,
    86,
    87,
    85,
    58,
    66,
    82,
    28,
    60,
    9,
    49,
    72,
    56,
    97,
    50,
    17,
    5,
    37,
    39,
    14,
    89,
    65,
    59,
    21,
    62,
    80,
    73,
    1,
    3
  ],
  "best_distance": 8213.708546045398,
  "avg_distance": 8286.41483664005,
  "all_distances": [
    8213.708546045398,
    8264.899496065735,
    8380.636467809014
  ],
  "computation_time_seconds": 30.842344045639038,
  "parameters": {
    "alpha": 1.0,
    "beta": 3.0,
    "rho": 0.1,
    "q": 100,
    "max_iterations": 150,
    "num_runs": 3
  }
}