{
  "instance_name": "tsp_50",
  "num_cities": 50,
  "solver": "ant_colony_optimization",
  "best_tour": [
    10,
    12,
    42,
    20,
    40,
    17,
    8,
    27,
    18,
    16,
    29,
    37,
    38,
    46,
    47,
    48,
    14,
    7,
    19,
    23,
    34,
    49,
    30,
    3,
    39,
    2,
    13,
    43,
    11,
    1,
    26,
    9,
    25,
    35,
    0,
    44,
    21,
    4,
    31,
    22,
    5,
    41,
    33,
    45,
    6,
    28,
    32,
    36,
    15,
    24
  ],
  "best_distance": 5541.004095277853,
  "avg_distance": 5637.059693342188,
  "all_distances": [
    5599.271582415611,
    5770.903402333101,
    5541.004095277853
  ],
  "computation_time_seconds": 3.9205868244171143,
  "parameters": {
    "alpha": 1.0,
    "beta": 3.0,
    "rho": 0.1,
    "q": 100,
    "max_iterations": 150,
    "num_runs": 3
  }
}