{
  "instance_name": "tsp_50",
  "num_cities": 50,
  "solver": "ant_colony_optimization",
  "best_tour": [
    9,
    26,
    1,
    43,
    13,
    2,
    39,
    3,
    11,
    30,
    49,
    34,
    23,
    19,
    7,
    14,
    48,
    47,
    46,
    38,
    37,
    29,
    16,
    18,
    27,
    8,
    17,
    40,
    20,
    12,
    42,
    10,
    24,
    15,
    36,
    32,
    28,
    6,
    45,
    5,
    41,
    33,
    31,
    4,
    21,
    44,
    0,
    35,
    25,
    22
  ],
  "best_distance": 5520.12503602232,
  "avg_distance": 5639.772417048167,
  "all_distances": [
    5747.515837179029,
    5651.676377943152,
    5520.12503602232
  ],
  "computation_time_seconds": 5.487545967102051,
  "parameters": {
    "alpha": 1.0,
    "beta": 3.0,
    "rho": 0.1,
    "q": 100,
    "max_iterations": 150,
    "num_runs": 3
  }
}