{
  "instance_name": "tsp_200",
  "num_cities": 200,
  "solver": "ant_colony_optimization",
  "best_tour": [
    152,
    65,
    104,
    197,
    154,
    160,
    172,
    158,
    76,
    34,
    186,
    99,
    48,
    120,
    145,
    195,
    92,
    111,
    198,
    9,
    2,
    166,
    132,
    130,
    52,
    6,
    116,
    171,
    109,
    79,
    191,
    1,
    67,
    16,
    0,
    84,
    80,
    121,
    150,
    118,
    112,
    144,
    182,
    85,
    74,
    159,
    105,
    91,
    178,
    45,
    100,
    151,
    68,
    57,
    97,
    108,
    5,
    43,
    155,
    32,
    137,
    30,
    180,
    176,
    66,
    64,
    143,
    129,
    81,
    18,
    184,
    181,
    125,
    73,
    63,
    164,
    33,
    71,
    102,
    192,
    124,
    26,
    27,
    20,
    140,
    38,
    156,
    190,
    103,
    11,
    89,
    167,
    40,
    141,
    177,
    39,
    194,
    115,
    106,
    54,
    87,
    12,
    148,
    162,
    21,
    28,
    88,
    35,
    62,
    114,
    147,
    90,
    86,
    53,
    189,
    113,
    14,
    56,
    101,
    7,
    170,
    19,
    95,
    161,
    199,
    174,
    44,
    175,
    98,
    188,
    31,
    93,
    110,
    163,
    131,
    72,
    127,
    36,
    75,
    135,
    13,
    23,
    77,
    149,
    134,
    128,
    187,
    37,
    10,
    193,
    169,
    70,
    82,
    58,
    133,
    183,
    107,
    47,
    41,
    142,
    96,
    117,
    165,
    157,
    22,
    29,
    24,
    17,
    61,
    8,
    153,
    173,
    168,
    83,
    136,
    139,
    146,
    25,
    126,
    69,
    94,
    138,
    179,
    119,
    46,
    59,
    60,
    50,
    196,
    55,
    78,
    4,
    49,
    122,
    51,
    42,
    185,
    15,
    123,
    3
  ],
  "best_distance": 11206.944573613053,
  "avg_distance": 11367.07326382321,
  "all_distances": [
    11206.944573613053,
    11645.4075272692,
    11248.86769058738
  ],
  "computation_time_seconds": 240.4581959247589,
  "parameters": {
    "alpha": 1.0,
    "beta": 3.0,
    "rho": 0.1,
    "q": 100,
    "max_iterations": 150,
    "num_runs": 3
  }
}