{
  "instance_name": "tsp_30",
  "num_cities": 30,
  "solver": "ant_colony_optimization",
  "best_tour": [
    16,
    18,
    9,
    26,
    11,
    1,
    7,
    20,
    6,
    0,
    22,
    29,
    5,
    21,
    24,
    19,
    17,
    12,
    14,
    25,
    8,
    28,
    4,
    23,
    13,
    15,
    27,
    10,
    3,
    2
  ],
  "best_distance": 4680.9855928383295,
  "avg_distance": 4710.507751385677,
  "all_distances": [
    4726.769782103724,
    4723.767879214977,
    4680.9855928383295
  ],
  "computation_time_seconds": 0.8736329078674316,
  "parameters": {
    "alpha": 1.0,
    "beta": 3.0,
    "rho": 0.1,
    "q": 100,
    "max_iterations": 150,
    "num_runs": 3
  }
}