{
  "instance_name": "tsp_100",
  "num_cities": 100,
  "solver": "ant_colony_optimization",
  "best_tour": [
    83,
    32,
    46,
    6,
    19,
    30,
    36,
    26,
    79,
    10,
    90,
    92,
    76,
    71,
    91,
    75,
    24,
    25,
    12,
    55,
    34,
    0,
    93,
    43,
    81,
    77,
    7,
    51,
    38,
    95,
    21,
    59,
    65,
    62,
    89,
    80,
    84,
    57,
    53,
    8,
    45,
    78,
    74,
    3,
    73,
    1,
    14,
    39,
    37,
    5,
    17,
    50,
    97,
    56,
    72,
    49,
    9,
    60,
    28,
    82,
    58,
    85,
    66,
    87,
    86,
    68,
    2,
    64,
    69,
    44,
    31,
    48,
    88,
    47,
    67,
    18,
    40,
    35,
    94,
    13,
    20,
    4,
    42,
    98,
    61,
    29,
    52,
    15,
    23,
    70,
    41,
    16,
    99,
    96,
    11,
    54,
    27,
    33,
    22,
    63
  ],
  "best_distance": 8252.022263801604,
  "avg_distance": 8327.238590668921,
  "all_distances": [
    8252.022263801604,
    8476.467012236168,
    8253.226495968995
  ],
  "computation_time_seconds": 30.548442125320435,
  "parameters": {
    "alpha": 1.0,
    "beta": 3.0,
    "rho": 0.1,
    "q": 100,
    "max_iterations": 150,
    "num_runs": 3
  }
}