{
  "instance_name": "tsp_200",
  "num_cities": 200,
  "solver": "ant_colony_optimization",
  "best_tour": [
    199,
    170,
    7,
    95,
    19,
    113,
    14,
    56,
    101,
    189,
    53,
    81,
    18,
    184,
    181,
    125,
    73,
    63,
    164,
    33,
    129,
    143,
    64,
    66,
    176,
    180,
    30,
    137,
    32,
    43,
    155,
    108,
    5,
    45,
    178,
    91,
    105,
    159,
    85,
    74,
    182,
    144,
    118,
    112,
    150,
    152,
    65,
    3,
    123,
    154,
    160,
    172,
    158,
    34,
    76,
    59,
    46,
    186,
    99,
    94,
    138,
    179,
    119,
    60,
    50,
    196,
    55,
    78,
    4,
    49,
    122,
    51,
    42,
    185,
    15,
    104,
    197,
    84,
    80,
    121,
    140,
    38,
    156,
    190,
    103,
    27,
    20,
    26,
    100,
    151,
    68,
    57,
    97,
    71,
    102,
    192,
    124,
    11,
    89,
    167,
    40,
    141,
    177,
    39,
    194,
    115,
    106,
    54,
    6,
    116,
    171,
    109,
    191,
    0,
    16,
    67,
    1,
    48,
    120,
    69,
    126,
    25,
    146,
    83,
    168,
    173,
    153,
    139,
    136,
    29,
    8,
    61,
    17,
    24,
    145,
    195,
    92,
    111,
    198,
    9,
    2,
    166,
    132,
    130,
    79,
    52,
    87,
    12,
    148,
    135,
    75,
    36,
    127,
    72,
    131,
    47,
    41,
    142,
    96,
    117,
    165,
    157,
    22,
    13,
    23,
    77,
    149,
    134,
    187,
    128,
    37,
    10,
    193,
    169,
    70,
    82,
    58,
    107,
    183,
    133,
    163,
    110,
    93,
    31,
    188,
    98,
    175,
    147,
    114,
    62,
    35,
    88,
    28,
    21,
    162,
    86,
    90,
    44,
    174,
    161
  ],
  "best_distance": 10958.0813882123,
  "avg_distance": 11064.965094635276,
  "all_distances": [
    11181.951460634082,
    10958.0813882123,
    11054.862435059442
  ],
  "computation_time_seconds": 238.61027097702026,
  "parameters": {
    "alpha": 1.0,
    "beta": 3.0,
    "rho": 0.1,
    "q": 100,
    "max_iterations": 150,
    "num_runs": 3
  }
}