{
  "total_time_seconds": 4.926727056503296,
  "results": {
    "tsp_10": {
      "instance_name": "tsp_10",
      "num_cities": 10,
      "solver": "simulated_annealing",
      "best_tour": [
        0,
        9,
        3,
        7,
        2,
        8,
        5,
        6,
        1,
        4
      ],
      "best_distance": 2641.3887564142315,
      "avg_distance": 2641.3887564142315,
      "all_distances": [
        2641.3887564142315,
        2641.3887564142315,
        2641.3887564142315,
        2641.3887564142315,
        2641.3887564142315
      ],
      "total_iterations": 276245,
      "computation_time_seconds": 0.308121919631958,
      "parameters": {
        "initial_temp": 10000,
        "cooling_rate": 0.9995,
        "num_runs": 5
      }
    },
    "tsp_100": {
      "instance_name": "tsp_100",
      "num_cities": 100,
      "solver": "simulated_annealing",
      "best_tour": [
        44,
        69,
        31,
        48,
        88,
        2,
        64,
        87,
        82,
        28,
        9,
        60,
        66,
        58,
        85,
        86,
        68,
        35,
        40,
        47,
        67,
        18,
        20,
        13,
        94,
        4,
        42,
        98,
        61,
        29,
        52,
        16,
        15,
        23,
        70,
        41,
        92,
        76,
        71,
        91,
        75,
        24,
        30,
        36,
        26,
        79,
        10,
        90,
        11,
        99,
        96,
        54,
        27,
        33,
        22,
        63,
        83,
        32,
        46,
        6,
        19,
        55,
        34,
        0,
        93,
        43,
        81,
        77,
        7,
        12,
        25,
        21,
        59,
        65,
        89,
        62,
        80,
        95,
        38,
        51,
        57,
        53,
        8,
        84,
        45,
        78,
        74,
        3,
        73,
        1,
        14,
        39,
        56,
        97,
        72,
        49,
        50,
        17,
        5,
        37
      ],
      "best_distance": 8429.145508232914,
      "avg_distance": 8692.853005270734,
      "all_distances": [
        8867.900411460143,
        8693.160988712416,
        8475.139929760971,
        8429.145508232914,
        8998.918188187228
      ],
      "total_iterations": 276245,
      "computation_time_seconds": 1.0969722270965576,
      "parameters": {
        "initial_temp": 10000,
        "cooling_rate": 0.9995,
        "num_runs": 5
      }
    },
    "tsp_15": {
      "instance_name": "tsp_15",
      "num_cities": 15,
      "solver": "simulated_annealing",
      "best_tour": [
        13,
        7,
        3,
        10,
        12,
        11,
        8,
        2,
        6,
        5,
        14,
        0,
        4,
        1,
        9
      ],
      "best_distance": 3059.3004599707665,
      "avg_distance": 3059.3004599707665,
      "all_distances": [
        3059.3004599707665,
        3059.3004599707665,
        3059.3004599707665,
        3059.3004599707665,
        3059.3004599707665
      ],
      "total_iterations": 276245,
      "computation_time_seconds": 0.3280370235443115,
      "parameters": {
        "initial_temp": 10000,
        "cooling_rate": 0.9995,
        "num_runs": 5
      }
    },
    "tsp_200": {
      "instance_name": "tsp_200",
      "num_cities": 200,
      "solver": "simulated_annealing",
      "best_tour": [
        5,
        108,
        97,
        57,
        68,
        151,
        100,
        45,
        178,
        91,
        105,
        159,
        74,
        85,
        182,
        144,
        20,
        27,
        26,
        103,
        11,
        124,
        89,
        167,
        171,
        106,
        39,
        177,
        194,
        164,
        141,
        40,
        192,
        102,
        71,
        176,
        180,
        33,
        63,
        73,
        125,
        181,
        53,
        189,
        113,
        95,
        19,
        90,
        86,
        175,
        98,
        147,
        28,
        21,
        162,
        115,
        54,
        6,
        116,
        109,
        0,
        197,
        84,
        80,
        156,
        190,
        38,
        140,
        121,
        150,
        118,
        112,
        152,
        65,
        104,
        3,
        185,
        15,
        123,
        154,
        160,
        172,
        158,
        76,
        34,
        42,
        51,
        59,
        122,
        49,
        4,
        78,
        55,
        196,
        50,
        60,
        46,
        179,
        119,
        186,
        99,
        120,
        48,
        195,
        9,
        198,
        111,
        92,
        24,
        61,
        17,
        145,
        1,
        67,
        16,
        191,
        79,
        132,
        166,
        2,
        130,
        52,
        12,
        87,
        148,
        135,
        75,
        88,
        35,
        72,
        131,
        47,
        127,
        36,
        117,
        157,
        165,
        96,
        41,
        142,
        22,
        29,
        8,
        69,
        126,
        94,
        138,
        25,
        146,
        139,
        136,
        83,
        153,
        168,
        173,
        149,
        37,
        10,
        193,
        169,
        128,
        187,
        82,
        70,
        134,
        77,
        13,
        23,
        58,
        107,
        183,
        133,
        163,
        62,
        114,
        110,
        93,
        31,
        188,
        44,
        174,
        161,
        199,
        170,
        7,
        14,
        56,
        101,
        81,
        18,
        184,
        129,
        143,
        64,
        66,
        30,
        137,
        32,
        43,
        155
      ],
      "best_distance": 12410.416985180744,
      "avg_distance": 12412.988184429898,
      "all_distances": [
        12413.630984242185,
        12413.630984242185,
        12413.630984242185,
        12410.416985180744,
        12413.630984242185
      ],
      "total_iterations": 276245,
      "computation_time_seconds": 2.0911710262298584,
      "parameters": {
        "initial_temp": 10000,
        "cooling_rate": 0.9995,
        "num_runs": 5
      }
    },
    "tsp_30": {
      "instance_name": "tsp_30",
      "num_cities": 30,
      "solver": "simulated_annealing",
      "best_tour": [
        18,
        9,
        26,
        11,
        1,
        7,
        20,
        6,
        0,
        22,
        29,
        21,
        5,
        24,
        19,
        17,
        12,
        14,
        25,
        8,
        28,
        4,
        23,
        13,
        15,
        27,
        10,
        3,
        2,
        16
      ],
      "best_distance": 4641.380285276966,
      "avg_distance": 4667.497354870851,
      "all_distances": [
        4706.672959261679,
        4641.380285276966,
        4706.672959261679,
        4641.380285276967,
        4641.380285276966
      ],
      "total_iterations": 276245,
      "computation_time_seconds": 0.45813608169555664,
      "parameters": {
        "initial_temp": 10000,
        "cooling_rate": 0.9995,
        "num_runs": 5
      }
    },
    "tsp_50": {
      "instance_name": "tsp_50",
      "num_cities": 50,
      "solver": "simulated_annealing",