{
  "total_time_seconds": 4.9279890060424805,
  "results": {
    "tsp_10": {
      "instance_name": "tsp_10",
      "num_cities": 10,
      "solver": "simulated_annealing",
      "best_tour": [
        2,
        8,
        5,
        6,
        1,
        4,
        0,
        9,
        3,
        7
      ],
      "best_distance": 2641.3887564142315,
      "avg_distance": 2641.3887564142315,
      "all_distances": [
        2641.3887564142315,
        2641.3887564142315,
        2641.3887564142315,
        2641.3887564142315,
        2641.3887564142315
      ],
      "total_iterations": 276245,
      "computation_time_seconds": 0.2927212715148926,
      "parameters": {
        "initial_temp": 10000,
        "cooling_rate": 0.9995,
        "num_runs": 5
      }
    },
    "tsp_100": {
      "instance_name": "tsp_100",
      "num_cities": 100,
      "solver": "simulated_annealing",
      "best_tour": [
        61,
        29,
        52,
        15,
        23,
        70,
        41,
        92,
        76,
        71,
        67,
        18,
        40,
        68,
        2,
        64,
        69,
        44,
        31,
        48,
        88,
        47,
        91,
        75,
        24,
        79,
        10,
        90,
        16,
        99,
        96,
        11,
        54,
        27,
        26,
        36,
        33,
        22,
        63,
        83,
        32,
        46,
        6,
        19,
        30,
        55,
        34,
        0,
        93,
        43,
        81,
        77,
        7,
        51,
        53,
        8,
        57,
        38,
        95,
        25,
        12,
        62,
        21,
        59,
        65,
        89,
        80,
        84,
        45,
        78,
        74,
        3,
        73,
        1,
        14,
        39,
        37,
        5,
        17,
        50,
        97,
        56,
        72,
        49,
        9,
        60,
        28,
        82,
        58,
        66,
        85,
        87,
        86,
        35,
        94,
        20,
        13,
        4,
        42,
        98
      ],
      "best_distance": 8337.5441062985,
      "avg_distance": 8589.601538194345,
      "all_distances": [
        8783.617659049334,
        8623.696159525532,
        8337.5441062985,
        8782.252316229959,
        8420.897449868402
      ],
      "total_iterations": 276245,
      "computation_time_seconds": 1.117041826248169,
      "parameters": {
        "initial_temp": 10000,
        "cooling_rate": 0.9995,
        "num_runs": 5
      }
    },
    "tsp_15": {
      "instance_name": "tsp_15",
      "num_cities": 15,
      "solver": "simulated_annealing",
      "best_tour": [
        9,
        13,
        7,
        3,
        10,
        12,
        11,
        8,
        2,
        6,
        5,
        14,
        0,
        4,
        1
      ],
      "best_distance": 3059.3004599707665,
      "avg_distance": 3059.3004599707665,
      "all_distances": [
        3059.3004599707665,
        3059.3004599707665,
        3059.3004599707665,
        3059.3004599707665,
        3059.3004599707665
      ],
      "total_iterations": 276245,
      "computation_time_seconds": 0.33199405670166016,
      "parameters": {
        "initial_temp": 10000,
        "cooling_rate": 0.9995,
        "num_runs": 5
      }
    },
    "tsp_200": {
      "instance_name": "tsp_200",
      "num_cities": 200,
      "solver": "simulated_annealing",
      "best_tour": [
        99,
        120,
        48,
        195,
        145,
        17,
        24,
        61,
        8,
        29,
        22,
        157,
        165,
        117,
        12,
        87,
        54,
        6,
        116,
        106,
        115,
        148,
        135,
        88,
        21,
        28,
        35,
        75,
        72,
        36,
        127,
        96,
        47,
        142,
        13,
        23,
        77,
        134,
        187,
        128,
        37,
        10,
        193,
        169,
        70,
        82,
        183,
        58,
        107,
        41,
        131,
        133,
        163,
        110,
        93,
        31,
        62,
        114,
        147,
        98,
        188,
        44,
        175,
        86,
        90,
        174,
        161,
        199,
        19,
        95,
        170,
        7,
        14,
        56,
        101,
        113,
        189,
        53,
        162,
        125,
        181,
        184,
        18,
        81,
        143,
        129,
        64,
        66,
        180,
        176,
        30,
        137,
        32,
        43,
        155,
        108,
        5,
        45,
        178,
        91,
        105,
        159,
        74,
        85,
        182,
        144,
        118,
        112,
        121,
        140,
        20,
        100,
        151,
        68,
        57,
        97,
        124,
        192,
        102,
        71,
        33,
        63,
        73,
        164,
        141,
        177,
        194,
        39,
        40,
        167,
        89,
        171,
        11,
        103,
        190,
        26,
        27,
        38,
        156,
        80,
        109,
        191,
        79,
        52,
        166,
        132,
        130,
        2,
        9,
        198,
        111,
        92,
        1,
        67,
        16,
        0,
        84,
        197,
        104,
        150,
        152,
        65,
        3,
        123,
        154,
        160,
        172,
        185,
        15,
        158,
        186,
        76,
        34,
        42,
        51,
        122,
        49,
        59,
        4,
        78,
        55,
        196,
        50,
        60,
        46,
        119,
        179,
        138,
        69,
        126,
        139,
        136,
        153,
        149,
        173,
        168,
        83,
        146,
        25,
        94
      ],
      "best_distance": 12355.593128173701,
      "avg_distance": 12402.023413028488,
      "all_distances": [
        12413.630984242185,
        12413.630984242185,
        12413.630984242185,
        12355.593128173701,
        12413.630984242185
      ],
      "total_iterations": 276245,
      "computation_time_seconds": 2.0900299549102783,
      "parameters": {
        "initial_temp": 10000,
        "cooling_rate": 0.9995,
        "num_runs": 5
      }
    },
    "tsp_30": {
      "instance_name": "tsp_30",
      "num_cities": 30,
      "solver": "simulated_annealing",
      "best_tour": [
        6,
        0,
        22,
        29,
        21,
        5,
        24,
        19,
        17,
        12,
        14,
        25,
        8,
        28,
        4,
        23,
        13,
        15,
        27,
        10,
        3,
        2,
        16,
        18,
        9,
        26,
        11,
        1,
        7,
        20
      ],
      "best_distance": 4641.380285276966,
      "avg_distance": 4662.995277349238,
      "all_distances": [
        4706.672959261679,
        4684.162571653613,
        4641.380285276966,
        4641.380285276966,
        4641.380285276966
      ],
      "total_iterations": 276245,
      "computation_time_seconds": 0.457273006439209,
      "parameters": {
        "initial_temp": 10000,
        "cooling_rate": 0.9995,
        "num_runs": 5
      }
    },
    "tsp_50": {
      "instance_name": "tsp_50",
      "num_cities": 50,
      "solver": "simulated_annealing",