{
  "total_time_seconds": 5.0432448387146,
  "results": {
    "tsp_10": {
      "instance_name": "tsp_10",
      "num_cities": 10,
      "solver": "simulated_annealing",
      "best_tour": [
        2,
        8,
        5,
        6,
        1,
        4,
        0,
        9,
        3,
        7
      ],
      "best_distance": 2641.3887564142315,
      "avg_distance": 2641.3887564142315,
      "all_distances": [
        2641.3887564142315,
        2641.3887564142315,
        2641.3887564142315,
        2641.3887564142315,
        2641.3887564142315
      ],
      "total_iterations": 276245,
      "computation_time_seconds": 0.33442211151123047,
      "parameters": {
        "initial_temp": 10000,
        "cooling_rate": 0.9995,
        "num_runs": 5
      }
    },
    "tsp_100": {
      "instance_name": "tsp_100",
      "num_cities": 100,
      "solver": "simulated_annealing",
      "best_tour": [
        85,
        87,
        64,
        2,
        68,
        86,
        35,
        40,
        67,
        18,
        20,
        13,
        94,
        4,
        42,
        98,
        61,
        29,
        52,
        15,
        23,
        70,
        41,
        92,
        76,
        71,
        47,
        91,
        88,
        48,
        31,
        69,
        44,
        39,
        75,
        24,
        26,
        79,
        10,
        90,
        16,
        99,
        96,
        11,
        54,
        27,
        36,
        30,
        63,
        22,
        33,
        83,
        32,
        46,
        6,
        19,
        55,
        34,
        0,
        93,
        43,
        81,
        77,
        7,
        12,
        25,
        95,
        38,
        51,
        57,
        53,
        8,
        84,
        45,
        78,
        74,
        3,
        56,
        73,
        1,
        80,
        62,
        21,
        59,
        65,
        89,
        14,
        37,
        5,
        17,
        50,
        97,
        72,
        49,
        9,
        60,
        28,
        82,
        58,
        66
      ],
      "best_distance": 8373.916582476219,
      "avg_distance": 8612.498129070644,
      "all_distances": [
        8907.50055369839,
        8373.916582476219,
        8705.86393171774,
        8525.558979614796,
        8549.650597846074
      ],
      "total_iterations": 276245,
      "computation_time_seconds": 1.1366379261016846,
      "parameters": {
        "initial_temp": 10000,
        "cooling_rate": 0.9995,
        "num_runs": 5
      }
    },
    "tsp_15": {
      "instance_name": "tsp_15",
      "num_cities": 15,
      "solver": "simulated_annealing",
      "best_tour": [
        8,
        11,
        12,
        10,
        3,
        7,
        13,
        9,
        1,
        4,
        0,
        14,
        5,
        6,
        2
      ],
      "best_distance": 3059.3004599707665,
      "avg_distance": 3059.3004599707665,
      "all_distances": [
        3059.3004599707665,
        3059.3004599707665,
        3059.3004599707665,
        3059.3004599707665,
        3059.3004599707665
      ],
      "total_iterations": 276245,
      "computation_time_seconds": 0.3342111110687256,
      "parameters": {
        "initial_temp": 10000,
        "cooling_rate": 0.9995,
        "num_runs": 5
      }
    },
    "tsp_200": {
      "instance_name": "tsp_200",
      "num_cities": 200,
      "solver": "simulated_annealing",
      "best_tour": [
        52,
        6,
        116,
        109,
        79,
        130,
        132,
        166,
        9,
        198,
        111,
        92,
        24,
        17,
        61,
        8,
        22,
        157,
        165,
        117,
        96,
        127,
        131,
        47,
        41,
        107,
        183,
        133,
        82,
        70,
        169,
        193,
        10,
        37,
        128,
        187,
        134,
        149,
        77,
        58,
        142,
        23,
        13,
        29,
        136,
        153,
        173,
        168,
        83,
        139,
        146,
        25,
        126,
        69,
        138,
        94,
        120,
        48,
        145,
        195,
        1,
        2,
        191,
        67,
        16,
        0,
        84,
        80,
        121,
        104,
        197,
        154,
        15,
        158,
        172,
        160,
        186,
        99,
        119,
        179,
        60,
        196,
        50,
        55,
        4,
        78,
        49,
        122,
        51,
        59,
        46,
        76,
        34,
        42,
        185,
        123,
        3,
        65,
        152,
        150,
        118,
        112,
        140,
        38,
        156,
        11,
        124,
        192,
        102,
        97,
        57,
        68,
        26,
        103,
        190,
        27,
        20,
        85,
        182,
        144,
        74,
        159,
        105,
        91,
        178,
        45,
        100,
        151,
        5,
        108,
        155,
        43,
        32,
        30,
        137,
        176,
        180,
        66,
        64,
        143,
        129,
        81,
        184,
        18,
        73,
        164,
        63,
        33,
        71,
        141,
        177,
        39,
        40,
        167,
        89,
        171,
        106,
        115,
        194,
        125,
        181,
        53,
        189,
        14,
        56,
        101,
        7,
        170,
        199,
        161,
        95,
        19,
        113,
        162,
        21,
        88,
        35,
        28,
        147,
        98,
        175,
        86,
        90,
        174,
        44,
        188,
        114,
        62,
        93,
        31,
        110,
        163,
        72,
        36,
        75,
        135,
        148,
        12,
        87,
        54
      ],
      "best_distance": 12244.30580841755,
      "avg_distance": 12379.765949077258,
      "all_distances": [
        12413.630984242185,
        12413.630984242185,
        12244.30580841755,
        12413.630984242185,
        12413.630984242185
      ],
      "total_iterations": 276245,
      "computation_time_seconds": 2.1211776733398438,
      "parameters": {
        "initial_temp": 10000,
        "cooling_rate": 0.9995,
        "num_runs": 5
      }
    },
    "tsp_30": {
      "instance_name": "tsp_30",
      "num_cities": 30,
      "solver": "simulated_annealing",
      "best_tour": [
        6,
        0,
        22,
        29,
        21,
        5,
        24,
        19,
        17,
        12,
        14,
        25,
        8,
        28,
        4,
        23,
        13,
        15,
        27,
        10,
        3,
        2,
        16,
        18,
        9,
        26,
        11,
        1,
        7,
        20
      ],
      "best_distance": 4641.380285276966,
      "avg_distance": 4756.124056527699,
      "all_distances": [
        4641.380285276966,
        4684.162571653614,
        4720.500944523572,
        4790.312862965695,
        4944.2636182186525
      ],
      "total_iterations": 276245,
      "computation_time_seconds": 0.45983004570007324,
      "parameters": {
        "initial_temp": 10000,
        "cooling_rate": 0.9995,
        "num_runs": 5
      }
    },
    "tsp_50": {
      "instance_name": "tsp_50",
      "num_cities": 50,
      "solver": "simulated_annealing",