{
  "total_time_seconds": 4.901960849761963,
  "results": {
    "tsp_10": {
      "instance_name": "tsp_10",
      "num_cities": 10,
      "solver": "simulated_annealing",
      "best_tour": [
        3,
        7,
        2,
        8,
        5,
        6,
        1,
        4,
        0,
        9
      ],
      "best_distance": 2641.3887564142315,
      "avg_distance": 2641.3887564142315,
      "all_distances": [
        2641.3887564142315,
        2641.3887564142315,
        2641.3887564142315,
        2641.3887564142315,
        2641.3887564142315
      ],
      "total_iterations": 276245,
      "computation_time_seconds": 0.2990589141845703,
      "parameters": {
        "initial_temp": 10000,
        "cooling_rate": 0.9995,
        "num_runs": 5
      }
    },
    "tsp_100": {
      "instance_name": "tsp_100",
      "num_cities": 100,
      "solver": "simulated_annealing",
      "best_tour": [
        2,
        64,
        68,
        86,
        87,
        85,
        66,
        58,
        82,
        69,
        31,
        48,
        44,
        37,
        5,
        17,
        50,
        49,
        28,
        60,
        9,
        72,
        97,
        56,
        1,
        73,
        3,
        74,
        78,
        45,
        84,
        8,
        53,
        57,
        38,
        95,
        80,
        62,
        21,
        59,
        65,
        89,
        14,
        39,
        75,
        24,
        34,
        12,
        25,
        51,
        7,
        77,
        81,
        43,
        93,
        0,
        55,
        19,
        6,
        46,
        32,
        83,
        33,
        22,
        63,
        30,
        36,
        26,
        79,
        10,
        90,
        27,
        54,
        11,
        96,
        99,
        16,
        92,
        71,
        76,
        41,
        70,
        23,
        15,
        52,
        29,
        61,
        98,
        42,
        4,
        94,
        13,
        20,
        18,
        35,
        40,
        67,
        47,
        91,
        88
      ],
      "best_distance": 8441.847624824948,
      "avg_distance": 8587.614640823955,
      "all_distances": [
        8610.22800292969,
        8441.847624824948,
        8591.752969189403,
        8579.060983836654,
        8715.183623339075
      ],
      "total_iterations": 276245,
      "computation_time_seconds": 1.1100049018859863,
      "parameters": {
        "initial_temp": 10000,
        "cooling_rate": 0.9995,
        "num_runs": 5
      }
    },
    "tsp_15": {
      "instance_name": "tsp_15",
      "num_cities": 15,
      "solver": "simulated_annealing",
      "best_tour": [
        8,
        11,
        12,
        10,
        3,
        7,
        13,
        9,
        1,
        4,
        0,
        14,
        5,
        6,
        2
      ],
      "best_distance": 3059.3004599707665,
      "avg_distance": 3059.3004599707665,
      "all_distances": [
        3059.3004599707665,
        3059.3004599707665,
        3059.3004599707665,
        3059.3004599707665,
        3059.3004599707665
      ],
      "total_iterations": 276245,
      "computation_time_seconds": 0.3308072090148926,
      "parameters": {
        "initial_temp": 10000,
        "cooling_rate": 0.9995,
        "num_runs": 5
      }
    },
    "tsp_200": {
      "instance_name": "tsp_200",
      "num_cities": 200,
      "solver": "simulated_annealing",
      "best_tour": [
        180,
        66,
        64,
        143,
        129,
        81,
        18,
        184,
        33,
        63,
        73,
        164,
        125,
        181,
        53,
        189,
        113,
        14,
        56,
        101,
        7,
        170,
        95,
        19,
        199,
        161,
        174,
        44,
        175,
        90,
        86,
        162,
        21,
        88,
        28,
        147,
        114,
        98,
        188,
        31,
        93,
        110,
        163,
        62,
        35,
        75,
        72,
        131,
        127,
        36,
        135,
        148,
        115,
        194,
        39,
        177,
        141,
        40,
        11,
        89,
        167,
        106,
        54,
        12,
        87,
        132,
        166,
        130,
        79,
        109,
        171,
        116,
        6,
        52,
        2,
        9,
        198,
        111,
        92,
        195,
        145,
        17,
        24,
        69,
        126,
        139,
        136,
        77,
        13,
        23,
        22,
        29,
        61,
        8,
        157,
        165,
        117,
        96,
        47,
        142,
        41,
        107,
        133,
        183,
        58,
        82,
        187,
        70,
        169,
        193,
        10,
        37,
        128,
        134,
        149,
        153,
        173,
        168,
        83,
        146,
        25,
        138,
        179,
        119,
        60,
        196,
        50,
        55,
        78,
        4,
        49,
        122,
        51,
        59,
        46,
        42,
        76,
        34,
        15,
        185,
        3,
        123,
        154,
        158,
        172,
        160,
        186,
        99,
        94,
        120,
        48,
        1,
        67,
        191,
        16,
        0,
        84,
        80,
        156,
        190,
        103,
        27,
        20,
        38,
        140,
        121,
        104,
        197,
        65,
        152,
        150,
        118,
        112,
        144,
        182,
        85,
        74,
        159,
        105,
        91,
        178,
        100,
        45,
        5,
        108,
        151,
        68,
        57,
        97,
        26,
        124,
        192,
        102,
        71,
        176,
        155,
        43,
        32,
        137,
        30
      ],
      "best_distance": 12118.717476879163,
      "avg_distance": 12348.00300177116,
      "all_distances": [
        12380.404579250082,
        12118.717476879163,
        12413.630984242185,
        12413.630984242185,
        12413.630984242185
      ],
      "total_iterations": 276245,
      "computation_time_seconds": 2.069434881210327,
      "parameters": {
        "initial_temp": 10000,
        "cooling_rate": 0.9995,
        "num_runs": 5
      }
    },
    "tsp_30": {
      "instance_name": "tsp_30",
      "num_cities": 30,
      "solver": "simulated_annealing",
      "best_tour": [
        6,
        0,
        22,
        29,
        21,
        5,
        24,
        19,
        17,
        12,
        14,
        25,
        8,
        28,
        4,
        23,
        13,
        15,
        27,
        10,
        3,
        2,
        16,
        18,
        9,
        26,
        11,
        1,
        7,
        20
      ],
      "best_distance": 4641.380285276966,
      "avg_distance": 4675.798046911505,
      "all_distances": [
        4724.902617807618,
        4687.16447454236,
        4641.380285276966,
        4684.162571653613,
        4641.380285276967
      ],
      "total_iterations": 276245,
      "computation_time_seconds": 0.45363283157348633,
      "parameters": {
        "initial_temp": 10000,
        "cooling_rate": 0.9995,
        "num_runs": 5
      }
    },
    "tsp_50": {
      "instance_name": "tsp_50",
      "num_cities": 50,
      "solver": "simulated_annealing",