{
  "total_time_seconds": 4.987905979156494,
  "results": {
    "tsp_10": {
      "instance_name": "tsp_10",
      "num_cities": 10,
      "solver": "simulated_annealing",
      "best_tour": [
        0,
        9,
        3,
        7,
        2,
        8,
        5,
        6,
        1,
        4
      ],
      "best_distance": 2641.3887564142315,
      "avg_distance": 2641.3887564142315,
      "all_distances": [
        2641.3887564142315,
        2641.3887564142315,
        2641.3887564142315,
        2641.3887564142315,
        2641.3887564142315
      ],
      "total_iterations": 276245,
      "computation_time_seconds": 0.3032221794128418,
      "parameters": {
        "initial_temp": 10000,
        "cooling_rate": 0.9995,
        "num_runs": 5
      }
    },
    "tsp_100": {
      "instance_name": "tsp_100",
      "num_cities": 100,
      "solver": "simulated_annealing",
      "best_tour": [
        53,
        8,
        84,
        45,
        78,
        74,
        3,
        73,
        1,
        56,
        72,
        9,
        60,
        28,
        49,
        97,
        50,
        17,
        5,
        37,
        44,
        48,
        31,
        69,
        82,
        58,
        66,
        85,
        87,
        86,
        68,
        64,
        2,
        88,
        91,
        71,
        47,
        67,
        40,
        35,
        18,
        20,
        13,
        94,
        4,
        42,
        98,
        61,
        29,
        52,
        16,
        15,
        23,
        70,
        41,
        76,
        92,
        90,
        10,
        11,
        99,
        96,
        54,
        27,
        79,
        26,
        36,
        30,
        63,
        22,
        33,
        83,
        32,
        46,
        6,
        19,
        55,
        34,
        0,
        93,
        43,
        81,
        77,
        7,
        25,
        12,
        24,
        75,
        39,
        14,
        65,
        59,
        21,
        62,
        89,
        80,
        95,
        38,
        51,
        57
      ],
      "best_distance": 8425.575083737696,
      "avg_distance": 8540.706854893215,
      "all_distances": [
        8490.610533198576,
        8425.575083737696,
        8744.98900864966,
        8576.331525086765,
        8466.028123793376
      ],
      "total_iterations": 276245,
      "computation_time_seconds": 1.1378660202026367,
      "parameters": {
        "initial_temp": 10000,
        "cooling_rate": 0.9995,
        "num_runs": 5
      }
    },
    "tsp_15": {
      "instance_name": "tsp_15",
      "num_cities": 15,
      "solver": "simulated_annealing",
      "best_tour": [
        3,
        10,
        12,
        11,
        8,
        2,
        6,
        5,
        14,
        0,
        4,
        1,
        9,
        13,
        7
      ],
      "best_distance": 3059.3004599707665,
      "avg_distance": 3059.3004599707665,
      "all_distances": [
        3059.3004599707665,
        3059.3004599707665,
        3059.3004599707665,
        3059.3004599707665,
        3059.3004599707665
      ],
      "total_iterations": 276245,
      "computation_time_seconds": 0.33798766136169434,
      "parameters": {
        "initial_temp": 10000,
        "cooling_rate": 0.9995,
        "num_runs": 5
      }
    },
    "tsp_200": {
      "instance_name": "tsp_200",
      "num_cities": 200,
      "solver": "simulated_annealing",
      "best_tour": [
        135,
        117,
        165,
        157,
        24,
        17,
        29,
        153,
        173,
        136,
        139,
        8,
        61,
        195,
        145,
        120,
        48,
        67,
        1,
        92,
        111,
        198,
        9,
        2,
        166,
        132,
        130,
        79,
        191,
        16,
        0,
        84,
        80,
        104,
        152,
        65,
        3,
        185,
        15,
        158,
        172,
        123,
        154,
        197,
        160,
        34,
        42,
        51,
        122,
        49,
        4,
        78,
        55,
        196,
        50,
        60,
        179,
        119,
        46,
        59,
        76,
        186,
        99,
        94,
        138,
        69,
        126,
        25,
        146,
        83,
        168,
        149,
        134,
        77,
        187,
        128,
        37,
        10,
        193,
        169,
        70,
        82,
        58,
        107,
        183,
        133,
        163,
        110,
        31,
        93,
        62,
        72,
        131,
        47,
        41,
        142,
        13,
        23,
        22,
        96,
        127,
        36,
        75,
        88,
        28,
        21,
        162,
        86,
        90,
        189,
        53,
        181,
        125,
        194,
        177,
        39,
        115,
        148,
        87,
        12,
        106,
        54,
        52,
        109,
        6,
        116,
        171,
        11,
        89,
        167,
        40,
        141,
        164,
        63,
        73,
        33,
        71,
        102,
        192,
        124,
        103,
        190,
        156,
        38,
        140,
        121,
        150,
        118,
        112,
        144,
        182,
        85,
        74,
        159,
        105,
        91,
        178,
        45,
        5,
        68,
        151,
        100,
        20,
        27,
        26,
        97,
        57,
        108,
        155,
        43,
        32,
        137,
        30,
        176,
        180,
        66,
        64,
        143,
        129,
        184,
        18,
        81,
        101,
        170,
        7,
        113,
        56,
        14,
        19,
        95,
        199,
        161,
        174,
        44,
        175,
        98,
        188,
        114,
        147,
        35
      ],
      "best_distance": 12004.570832473613,
      "avg_distance": 12258.065995398045,
      "all_distances": [
        12413.630984242185,
        12166.75017445357,
        12291.747001578666,
        12004.570832473613,
        12413.630984242185
      ],
      "total_iterations": 276245,
      "computation_time_seconds": 2.1101040840148926,
      "parameters": {
        "initial_temp": 10000,
        "cooling_rate": 0.9995,
        "num_runs": 5
      }
    },
    "tsp_30": {
      "instance_name": "tsp_30",
      "num_cities": 30,
      "solver": "simulated_annealing",
      "best_tour": [
        18,
        9,
        26,
        11,
        1,
        7,
        20,
        6,
        0,
        22,
        29,
        21,
        5,
        24,
        19,
        17,
        12,
        14,
        25,
        8,
        28,
        4,
        23,
        13,
        15,
        27,
        10,
        3,
        2,
        16
      ],
      "best_distance": 4641.380285276966,
      "avg_distance": 4676.206494956033,
      "all_distances": [
        4684.162571653614,
        4684.162571653614,
        4687.16447454236,
        4641.380285276966,
        4684.162571653613
      ],
      "total_iterations": 276245,
      "computation_time_seconds": 0.45889806747436523,
      "parameters": {
        "initial_temp": 10000,
        "cooling_rate": 0.9995,
        "num_runs": 5
      }
    },
    "tsp_50": {
      "instance_name": "tsp_50",
      "num_cities": 50,
      "solver": "simulated_annealing",