{
  "instance_name": "tsp_50",
  "num_cities": 50,
  "solver": "simulated_annealing",
  "best_tour": [
    9,
    26,
    1,
    11,
    43,
    13,
    2,
    39,
    3,
    30,
    49,
    19,
    7,
    23,
    34,
    37,
    29,
    38,
    46,
    14,
    48,
    47,
    27,
    18,
    16,
    8,
    17,
    40,
    20,
    42,
    12,
    10,
    24,
    15,
    36,
    32,
    28,
    6,
    45,
    5,
    41,
    33,
    31,
    4,
    21,
    44,
    0,
    35,
    25,
    22
  ],
  "best_distance": 5706.310308020611,
  "avg_distance": 5852.094911309393,
  "all_distances": [
    5706.310308020611,
    6197.100985029337,
    5754.967846347239,
    5792.954816044548,
    5809.140601105229
  ],
  "total_iterations": 276245,
  "computation_time_seconds": 0.6246097087860107,
  "parameters": {
    "initial_temp": 10000,
    "cooling_rate": 0.9995,
    "num_runs": 5
  }
}