{
  "instance_name": "tsp_50",
  "num_cities": 50,
  "solver": "simulated_annealing",
  "best_tour": [
    24,
    10,
    12,
    42,
    20,
    40,
    17,
    8,
    27,
    18,
    16,
    29,
    37,
    38,
    46,
    47,
    48,
    14,
    7,
    19,
    23,
    34,
    49,
    30,
    35,
    0,
    25,
    11,
    3,
    39,
    2,
    13,
    43,
    1,
    26,
    9,
    22,
    5,
    45,
    33,
    41,
    31,
    21,
    44,
    4,
    6,
    28,
    32,
    36,
    15
  ],
  "best_distance": 5661.520282715562,
  "avg_distance": 5748.380799770675,
  "all_distances": [
    5749.689619336172,
    5670.8690747246665,
    5661.520282715562,
    5994.096698755869,
    5665.728323321107
  ],
  "total_iterations": 276245,
  "computation_time_seconds": 0.6283721923828125,
  "parameters": {
    "initial_temp": 10000,
    "cooling_rate": 0.9995,
    "num_runs": 5
  }
}