{
  "instance_name": "tsp_50",
  "num_cities": 50,
  "solver": "simulated_annealing",
  "best_tour": [
    23,
    34,
    49,
    30,
    35,
    0,
    44,
    21,
    4,
    24,
    15,
    36,
    32,
    28,
    6,
    45,
    31,
    33,
    41,
    5,
    22,
    25,
    9,
    26,
    1,
    11,
    43,
    13,
    2,
    39,
    3,
    19,
    7,
    14,
    48,
    47,
    46,
    27,
    40,
    20,
    42,
    12,
    10,
    17,
    8,
    18,
    16,
    29,
    37,
    38
  ],
  "best_distance": 5714.612582273337,
  "avg_distance": 5828.261534938487,
  "all_distances": [
    5724.950163825875,
    5722.9102658889215,
    6072.473312909487,
    5906.361349794816,
    5714.612582273337
  ],
  "total_iterations": 276245,
  "computation_time_seconds": 0.6462469100952148,
  "parameters": {
    "initial_temp": 10000,
    "cooling_rate": 0.9995,
    "num_runs": 5
  }
}