{
  "instance_name": "tsp_200",
  "num_cities": 200,
  "solver": "simulated_annealing",
  "best_tour": [
    135,
    117,
    165,
    157,
    24,
    17,
    29,
    153,
    173,
    136,
    139,
    8,
    61,
    195,
    145,
    120,
    48,
    67,
    1,
    92,
    111,
    198,
    9,
    2,
    166,
    132,
    130,
    79,
    191,
    16,
    0,
    84,
    80,
    104,
    152,
    65,
    3,
    185,
    15,
    158,
    172,
    123,
    154,
    197,
    160,
    34,
    42,
    51,
    122,
    49,
    4,
    78,
    55,
    196,
    50,
    60,
    179,
    119,
    46,
    59,
    76,
    186,
    99,
    94,
    138,
    69,
    126,
    25,
    146,
    83,
    168,
    149,
    134,
    77,
    187,
    128,
    37,
    10,
    193,
    169,
    70,
    82,
    58,
    107,
    183,
    133,
    163,
    110,
    31,
    93,
    62,
    72,
    131,
    47,
    41,
    142,
    13,
    23,
    22,
    96,
    127,
    36,
    75,
    88,
    28,
    21,
    162,
    86,
    90,
    189,
    53,
    181,
    125,
    194,
    177,
    39,
    115,
    148,
    87,
    12,
    106,
    54,
    52,
    109,
    6,
    116,
    171,
    11,
    89,
    167,
    40,
    141,
    164,
    63,
    73,
    33,
    71,
    102,
    192,
    124,
    103,
    190,
    156,
    38,
    140,
    121,
    150,
    118,
    112,
    144,
    182,
    85,
    74,
    159,
    105,
    91,
    178,
    45,
    5,
    68,
    151,
    100,
    20,
    27,
    26,
    97,
    57,
    108,
    155,
    43,
    32,
    137,
    30,
    176,
    180,
    66,
    64,
    143,
    129,
    184,
    18,
    81,
    101,
    170,
    7,
    113,
    56,
    14,
    19,
    95,
    199,
    161,
    174,
    44,
    175,
    98,
    188,
    114,
    147,
    35
  ],
  "best_distance": 12004.570832473613,
  "avg_distance": 12258.065995398045,
  "all_distances": [
    12413.630984242185,
    12166.75017445357,
    12291.747001578666,
    12004.570832473613,
    12413.630984242185
  ],
  "total_iterations": 276245,
  "computation_time_seconds": 2.1101040840148926,
  "parameters": {
    "initial_temp": 10000,
    "cooling_rate": 0.9995,
    "num_runs": 5
  }
}