{
  "instance_name": "tsp_200",
  "num_cities": 200,
  "solver": "simulated_annealing",
  "best_tour": [
    52,
    6,
    116,
    109,
    79,
    130,
    132,
    166,
    9,
    198,
    111,
    92,
    24,
    17,
    61,
    8,
    22,
    157,
    165,
    117,
    96,
    127,
    131,
    47,
    41,
    107,
    183,
    133,
    82,
    70,
    169,
    193,
    10,
    37,
    128,
    187,
    134,
    149,
    77,
    58,
    142,
    23,
    13,
    29,
    136,
    153,
    173,
    168,
    83,
    139,
    146,
    25,
    126,
    69,
    138,
    94,
    120,
    48,
    145,
    195,
    1,
    2,
    191,
    67,
    16,
    0,
    84,
    80,
    121,
    104,
    197,
    154,
    15,
    158,
    172,
    160,
    186,
    99,
    119,
    179,
    60,
    196,
    50,
    55,
    4,
    78,
    49,
    122,
    51,
    59,
    46,
    76,
    34,
    42,
    185,
    123,
    3,
    65,
    152,
    150,
    118,
    112,
    140,
    38,
    156,
    11,
    124,
    192,
    102,
    97,
    57,
    68,
    26,
    103,
    190,
    27,
    20,
    85,
    182,
    144,
    74,
    159,
    105,
    91,
    178,
    45,
    100,
    151,
    5,
    108,
    155,
    43,
    32,
    30,
    137,
    176,
    180,
    66,
    64,
    143,
    129,
    81,
    184,
    18,
    73,
    164,
    63,
    33,
    71,
    141,
    177,
    39,
    40,
    167,
    89,
    171,
    106,
    115,
    194,
    125,
    181,
    53,
    189,
    14,
    56,
    101,
    7,
    170,
    199,
    161,
    95,
    19,
    113,
    162,
    21,
    88,
    35,
    28,
    147,
    98,
    175,
    86,
    90,
    174,
    44,
    188,
    114,
    62,
    93,
    31,
    110,
    163,
    72,
    36,
    75,
    135,
    148,
    12,
    87,
    54
  ],
  "best_distance": 12244.30580841755,
  "avg_distance": 12379.765949077258,
  "all_distances": [
    12413.630984242185,
    12413.630984242185,
    12244.30580841755,
    12413.630984242185,
    12413.630984242185
  ],
  "total_iterations": 276245,
  "computation_time_seconds": 2.1211776733398438,
  "parameters": {
    "initial_temp": 10000,
    "cooling_rate": 0.9995,
    "num_runs": 5
  }
}