{
  "instance_name": "tsp_100",
  "num_cities": 100,
  "solver": "simulated_annealing",
  "best_tour": [
    44,
    69,
    31,
    48,
    88,
    2,
    64,
    87,
    82,
    28,
    9,
    60,
    66,
    58,
    85,
    86,
    68,
    35,
    40,
    47,
    67,
    18,
    20,
    13,
    94,
    4,
    42,
    98,
    61,
    29,
    52,
    16,
    15,
    23,
    70,
    41,
    92,
    76,
    71,
    91,
    75,
    24,
    30,
    36,
    26,
    79,
    10,
    90,
    11,
    99,
    96,
    54,
    27,
    33,
    22,
    63,
    83,
    32,
    46,
    6,
    19,
    55,
    34,
    0,
    93,
    43,
    81,
    77,
    7,
    12,
    25,
    21,
    59,
    65,
    89,
    62,
    80,
    95,
    38,
    51,
    57,
    53,
    8,
    84,
    45,
    78,
    74,
    3,
    73,
    1,
    14,
    39,
    56,
    97,
    72,
    49,
    50,
    17,
    5,
    37
  ],
  "best_distance": 8429.145508232914,
  "avg_distance": 8692.853005270734,
  "all_distances": [
    8867.900411460143,
    8693.160988712416,
    8475.139929760971,
    8429.145508232914,
    8998.918188187228
  ],
  "total_iterations": 276245,
  "computation_time_seconds": 1.0969722270965576,
  "parameters": {
    "initial_temp": 10000,
    "cooling_rate": 0.9995,
    "num_runs": 5
  }
}