{
  "instance_name": "tsp_50",
  "num_cities": 50,
  "solver": "simulated_annealing",
  "best_tour": [
    32,
    36,
    15,
    24,
    4,
    21,
    44,
    37,
    38,
    29,
    16,
    18,
    42,
    10,
    12,
    20,
    40,
    17,
    8,
    27,
    46,
    47,
    48,
    14,
    7,
    19,
    23,
    34,
    49,
    30,
    11,
    3,
    39,
    2,
    13,
    43,
    1,
    26,
    9,
    22,
    25,
    35,
    0,
    31,
    33,
    41,
    5,
    45,
    6,
    28
  ],
  "best_distance": 5753.448361907258,
  "avg_distance": 5911.293527302126,
  "all_distances": [
    6205.943560231932,
    5892.964912661224,
    5818.590135841675,
    5885.52066586854,
    5753.448361907258
  ],
  "total_iterations": 276245,
  "computation_time_seconds": 0.629504919052124,
  "parameters": {
    "initial_temp": 10000,
    "cooling_rate": 0.9995,
    "num_runs": 5
  }
}