{
  "instance_name": "tsp_200",
  "num_cities": 200,
  "solver": "simulated_annealing",
  "best_tour": [
    180,
    66,
    64,
    143,
    129,
    81,
    18,
    184,
    33,
    63,
    73,
    164,
    125,
    181,
    53,
    189,
    113,
    14,
    56,
    101,
    7,
    170,
    95,
    19,
    199,
    161,
    174,
    44,
    175,
    90,
    86,
    162,
    21,
    88,
    28,
    147,
    114,
    98,
    188,
    31,
    93,
    110,
    163,
    62,
    35,
    75,
    72,
    131,
    127,
    36,
    135,
    148,
    115,
    194,
    39,
    177,
    141,
    40,
    11,
    89,
    167,
    106,
    54,
    12,
    87,
    132,
    166,
    130,
    79,
    109,
    171,
    116,
    6,
    52,
    2,
    9,
    198,
    111,
    92,
    195,
    145,
    17,
    24,
    69,
    126,
    139,
    136,
    77,
    13,
    23,
    22,
    29,
    61,
    8,
    157,
    165,
    117,
    96,
    47,
    142,
    41,
    107,
    133,
    183,
    58,
    82,
    187,
    70,
    169,
    193,
    10,
    37,
    128,
    134,
    149,
    153,
    173,
    168,
    83,
    146,
    25,
    138,
    179,
    119,
    60,
    196,
    50,
    55,
    78,
    4,
    49,
    122,
    51,
    59,
    46,
    42,
    76,
    34,
    15,
    185,
    3,
    123,
    154,
    158,
    172,
    160,
    186,
    99,
    94,
    120,
    48,
    1,
    67,
    191,
    16,
    0,
    84,
    80,
    156,
    190,
    103,
    27,
    20,
    38,
    140,
    121,
    104,
    197,
    65,
    152,
    150,
    118,
    112,
    144,
    182,
    85,
    74,
    159,
    105,
    91,
    178,
    100,
    45,
    5,
    108,
    151,
    68,
    57,
    97,
    26,
    124,
    192,
    102,
    71,
    176,
    155,
    43,
    32,
    137,
    30
  ],
  "best_distance": 12118.717476879163,
  "avg_distance": 12348.00300177116,
  "all_distances": [
    12380.404579250082,
    12118.717476879163,
    12413.630984242185,
    12413.630984242185,
    12413.630984242185
  ],
  "total_iterations": 276245,
  "computation_time_seconds": 2.069434881210327,
  "parameters": {
    "initial_temp": 10000,
    "cooling_rate": 0.9995,
    "num_runs": 5
  }
}