{
  "instance_name": "tsp_200",
  "num_cities": 200,
  "solver": "simulated_annealing",
  "best_tour": [
    99,
    120,
    48,
    195,
    145,
    17,
    24,
    61,
    8,
    29,
    22,
    157,
    165,
    117,
    12,
    87,
    54,
    6,
    116,
    106,
    115,
    148,
    135,
    88,
    21,
    28,
    35,
    75,
    72,
    36,
    127,
    96,
    47,
    142,
    13,
    23,
    77,
    134,
    187,
    128,
    37,
    10,
    193,
    169,
    70,
    82,
    183,
    58,
    107,
    41,
    131,
    133,
    163,
    110,
    93,
    31,
    62,
    114,
    147,
    98,
    188,
    44,
    175,
    86,
    90,
    174,
    161,
    199,
    19,
    95,
    170,
    7,
    14,
    56,
    101,
    113,
    189,
    53,
    162,
    125,
    181,
    184,
    18,
    81,
    143,
    129,
    64,
    66,
    180,
    176,
    30,
    137,
    32,
    43,
    155,
    108,
    5,
    45,
    178,
    91,
    105,
    159,
    74,
    85,
    182,
    144,
    118,
    112,
    121,
    140,
    20,
    100,
    151,
    68,
    57,
    97,
    124,
    192,
    102,
    71,
    33,
    63,
    73,
    164,
    141,
    177,
    194,
    39,
    40,
    167,
    89,
    171,
    11,
    103,
    190,
    26,
    27,
    38,
    156,
    80,
    109,
    191,
    79,
    52,
    166,
    132,
    130,
    2,
    9,
    198,
    111,
    92,
    1,
    67,
    16,
    0,
    84,
    197,
    104,
    150,
    152,
    65,
    3,
    123,
    154,
    160,
    172,
    185,
    15,
    158,
    186,
    76,
    34,
    42,
    51,
    122,
    49,
    59,
    4,
    78,
    55,
    196,
    50,
    60,
    46,
    119,
    179,
    138,
    69,
    126,
    139,
    136,
    153,
    149,
    173,
    168,
    83,
    146,
    25,
    94
  ],
  "best_distance": 12355.593128173701,
  "avg_distance": 12402.023413028488,
  "all_distances": [
    12413.630984242185,
    12413.630984242185,
    12413.630984242185,
    12355.593128173701,
    12413.630984242185
  ],
  "total_iterations": 276245,
  "computation_time_seconds": 2.0900299549102783,
  "parameters": {
    "initial_temp": 10000,
    "cooling_rate": 0.9995,
    "num_runs": 5
  }
}