{
  "instance_name": "tsp_50",
  "num_cities": 50,
  "solver": "simulated_annealing",
  "best_tour": [
    1,
    25,
    0,
    35,
    49,
    30,
    11,
    43,
    13,
    2,
    39,
    3,
    19,
    7,
    23,
    34,
    14,
    48,
    47,
    46,
    38,
    37,
    29,
    16,
    18,
    27,
    8,
    17,
    40,
    20,
    42,
    12,
    10,
    24,
    44,
    21,
    4,
    15,
    36,
    32,
    28,
    6,
    45,
    31,
    33,
    41,
    5,
    22,
    9,
    26
  ],
  "best_distance": 5688.645158393731,
  "avg_distance": 5792.659272410411,
  "all_distances": [
    5762.996531191645,
    5688.645158393731,
    5791.993660008166,
    5833.038683716867,
    5886.622328741647
  ],
  "total_iterations": 276245,
  "computation_time_seconds": 0.6264140605926514,
  "parameters": {
    "initial_temp": 10000,
    "cooling_rate": 0.9995,
    "num_runs": 5
  }
}