{
  "instance_name": "tsp_100",
  "num_cities": 100,
  "solver": "simulated_annealing",
  "best_tour": [
    2,
    64,
    68,
    86,
    87,
    85,
    66,
    58,
    82,
    69,
    31,
    48,
    44,
    37,
    5,
    17,
    50,
    49,
    28,
    60,
    9,
    72,
    97,
    56,
    1,
    73,
    3,
    74,
    78,
    45,
    84,
    8,
    53,
    57,
    38,
    95,
    80,
    62,
    21,
    59,
    65,
    89,
    14,
    39,
    75,
    24,
    34,
    12,
    25,
    51,
    7,
    77,
    81,
    43,
    93,
    0,
    55,
    19,
    6,
    46,
    32,
    83,
    33,
    22,
    63,
    30,
    36,
    26,
    79,
    10,
    90,
    27,
    54,
    11,
    96,
    99,
    16,
    92,
    71,
    76,
    41,
    70,
    23,
    15,
    52,
    29,
    61,
    98,
    42,
    4,
    94,
    13,
    20,
    18,
    35,
    40,
    67,
    47,
    91,
    88
  ],
  "best_distance": 8441.847624824948,
  "avg_distance": 8587.614640823955,
  "all_distances": [
    8610.22800292969,
    8441.847624824948,
    8591.752969189403,
    8579.060983836654,
    8715.183623339075
  ],
  "total_iterations": 276245,
  "computation_time_seconds": 1.1100049018859863,
  "parameters": {
    "initial_temp": 10000,
    "cooling_rate": 0.9995,
    "num_runs": 5
  }
}