{
  "instance_name": "tsp_100",
  "num_cities": 100,
  "solver": "simulated_annealing",
  "best_tour": [
    85,
    87,
    64,
    2,
    68,
    86,
    35,
    40,
    67,
    18,
    20,
    13,
    94,
    4,
    42,
    98,
    61,
    29,
    52,
    15,
    23,
    70,
    41,
    92,
    76,
    71,
    47,
    91,
    88,
    48,
    31,
    69,
    44,
    39,
    75,
    24,
    26,
    79,
    10,
    90,
    16,
    99,
    96,
    11,
    54,
    27,
    36,
    30,
    63,
    22,
    33,
    83,
    32,
    46,
    6,
    19,
    55,
    34,
    0,
    93,
    43,
    81,
    77,
    7,
    12,
    25,
    95,
    38,
    51,
    57,
    53,
    8,
    84,
    45,
    78,
    74,
    3,
    56,
    73,
    1,
    80,
    62,
    21,
    59,
    65,
    89,
    14,
    37,
    5,
    17,
    50,
    97,
    72,
    49,
    9,
    60,
    28,
    82,
    58,
    66
  ],
  "best_distance": 8373.916582476219,
  "avg_distance": 8612.498129070644,
  "all_distances": [
    8907.50055369839,
    8373.916582476219,
    8705.86393171774,
    8525.558979614796,
    8549.650597846074
  ],
  "total_iterations": 276245,
  "computation_time_seconds": 1.1366379261016846,
  "parameters": {
    "initial_temp": 10000,
    "cooling_rate": 0.9995,
    "num_runs": 5
  }
}