{
  "instance_name": "tsp_100",
  "num_cities": 100,
  "solver": "simulated_annealing",
  "best_tour": [
    53,
    8,
    84,
    45,
    78,
    74,
    3,
    73,
    1,
    56,
    72,
    9,
    60,
    28,
    49,
    97,
    50,
    17,
    5,
    37,
    44,
    48,
    31,
    69,
    82,
    58,
    66,
    85,
    87,
    86,
    68,
    64,
    2,
    88,
    91,
    71,
    47,
    67,
    40,
    35,
    18,
    20,
    13,
    94,
    4,
    42,
    98,
    61,
    29,
    52,
    16,
    15,
    23,
    70,
    41,
    76,
    92,
    90,
    10,
    11,
    99,
    96,
    54,
    27,
    79,
    26,
    36,
    30,
    63,
    22,
    33,
    83,
    32,
    46,
    6,
    19,
    55,
    34,
    0,
    93,
    43,
    81,
    77,
    7,
    25,
    12,
    24,
    75,
    39,
    14,
    65,
    59,
    21,
    62,
    89,
    80,
    95,
    38,
    51,
    57
  ],
  "best_distance": 8425.575083737696,
  "avg_distance": 8540.706854893215,
  "all_distances": [
    8490.610533198576,
    8425.575083737696,
    8744.98900864966,
    8576.331525086765,
    8466.028123793376
  ],
  "total_iterations": 276245,
  "computation_time_seconds": 1.1378660202026367,
  "parameters": {
    "initial_temp": 10000,
    "cooling_rate": 0.9995,
    "num_runs": 5
  }
}