{
  "instance_name": "tsp_100",
  "num_cities": 100,
  "solver": "simulated_annealing",
  "best_tour": [
    61,
    29,
    52,
    15,
    23,
    70,
    41,
    92,
    76,
    71,
    67,
    18,
    40,
    68,
    2,
    64,
    69,
    44,
    31,
    48,
    88,
    47,
    91,
    75,
    24,
    79,
    10,
    90,
    16,
    99,
    96,
    11,
    54,
    27,
    26,
    36,
    33,
    22,
    63,
    83,
    32,
    46,
    6,
    19,
    30,
    55,
    34,
    0,
    93,
    43,
    81,
    77,
    7,
    51,
    53,
    8,
    57,
    38,
    95,
    25,
    12,
    62,
    21,
    59,
    65,
    89,
    80,
    84,
    45,
    78,
    74,
    3,
    73,
    1,
    14,
    39,
    37,
    5,
    17,
    50,
    97,
    56,
    72,
    49,
    9,
    60,
    28,
    82,
    58,
    66,
    85,
    87,
    86,
    35,
    94,
    20,
    13,
    4,
    42,
    98
  ],
  "best_distance": 8337.5441062985,
  "avg_distance": 8589.601538194345,
  "all_distances": [
    8783.617659049334,
    8623.696159525532,
    8337.5441062985,
    8782.252316229959,
    8420.897449868402
  ],
  "total_iterations": 276245,
  "computation_time_seconds": 1.117041826248169,
  "parameters": {
    "initial_temp": 10000,
    "cooling_rate": 0.9995,
    "num_runs": 5
  }
}