{
  "instance_name": "tsp_200",
  "num_cities": 200,
  "solver": "simulated_annealing",
  "best_tour": [
    5,
    108,
    97,
    57,
    68,
    151,
    100,
    45,
    178,
    91,
    105,
    159,
    74,
    85,
    182,
    144,
    20,
    27,
    26,
    103,
    11,
    124,
    89,
    167,
    171,
    106,
    39,
    177,
    194,
    164,
    141,
    40,
    192,
    102,
    71,
    176,
    180,
    33,
    63,
    73,
    125,
    181,
    53,
    189,
    113,
    95,
    19,
    90,
    86,
    175,
    98,
    147,
    28,
    21,
    162,
    115,
    54,
    6,
    116,
    109,
    0,
    197,
    84,
    80,
    156,
    190,
    38,
    140,
    121,
    150,
    118,
    112,
    152,
    65,
    104,
    3,
    185,
    15,
    123,
    154,
    160,
    172,
    158,
    76,
    34,
    42,
    51,
    59,
    122,
    49,
    4,
    78,
    55,
    196,
    50,
    60,
    46,
    179,
    119,
    186,
    99,
    120,
    48,
    195,
    9,
    198,
    111,
    92,
    24,
    61,
    17,
    145,
    1,
    67,
    16,
    191,
    79,
    132,
    166,
    2,
    130,
    52,
    12,
    87,
    148,
    135,
    75,
    88,
    35,
    72,
    131,
    47,
    127,
    36,
    117,
    157,
    165,
    96,
    41,
    142,
    22,
    29,
    8,
    69,
    126,
    94,
    138,
    25,
    146,
    139,
    136,
    83,
    153,
    168,
    173,
    149,
    37,
    10,
    193,
    169,
    128,
    187,
    82,
    70,
    134,
    77,
    13,
    23,
    58,
    107,
    183,
    133,
    163,
    62,
    114,
    110,
    93,
    31,
    188,
    44,
    174,
    161,
    199,
    170,
    7,
    14,
    56,
    101,
    81,
    18,
    184,
    129,
    143,
    64,
    66,
    30,
    137,
    32,
    43,
    155
  ],
  "best_distance": 12410.416985180744,
  "avg_distance": 12412.988184429898,
  "all_distances": [
    12413.630984242185,
    12413.630984242185,
    12413.630984242185,
    12410.416985180744,
    12413.630984242185
  ],
  "total_iterations": 276245,
  "computation_time_seconds": 2.0911710262298584,
  "parameters": {
    "initial_temp": 10000,
    "cooling_rate": 0.9995,
    "num_runs": 5
  }
}