{
  "instance_name": "tsp_30",
  "num_cities": 30,
  "solver": "simulated_annealing",
  "best_tour": [
    6,
    0,
    22,
    29,
    21,
    5,
    24,
    19,
    17,
    12,
    14,
    25,
    8,
    28,
    4,
    23,
    13,
    15,
    27,
    10,
    3,
    2,
    16,
    18,
    9,
    26,
    11,
    1,
    7,
    20
  ],
  "best_distance": 4641.380285276966,
  "avg_distance": 4675.798046911505,
  "all_distances": [
    4724.902617807618,
    4687.16447454236,
    4641.380285276966,
    4684.162571653613,
    4641.380285276967
  ],
  "total_iterations": 276245,
  "computation_time_seconds": 0.45363283157348633,
  "parameters": {
    "initial_temp": 10000,
    "cooling_rate": 0.9995,
    "num_runs": 5
  }
}